1,990,VISA MASTER MAESTRO DEBIT CARD,75625470,130003058,201306296353303,6850,2013-07-01
2,990,VISA MASTER MAESTRO DEBIT CARD,75626419,130003062,201306296360280,11850,2013-07-01
3,990,VISA MASTER MAESTRO DEBIT CARD,75629238,130003066,201306296373962,6850,2013-07-01
4,990,VISA MASTER MAESTRO DEBIT CARD,75634122,130003069,201306296384056,11850,2013-07-01
5,990,VISA MASTER MAESTRO DEBIT CARD,75636036,130003070,201306296387517,31850,2013-07-01
6,990,VISA MASTER MAESTRO DEBIT CARD,75639286,130003079,201306296395482,156,2013-07-01
7,990,VISA MASTER MAESTRO DEBIT CARD,75639568,130003080,201306296395266,9350,2013-07-01
8,990,VISA MASTER MAESTRO DEBIT CARD,75639822,130003081,201306296396249,32029,2013-07-01
9,990,VISA MASTER MAESTRO DEBIT CARD,75640842,130003082,201306296398325,31850,2013-07-01
10,990,VISA MASTER MAESTRO DEBIT CARD,75643893,130003085,201306296404394,6850,2013-07-01
11,990,VISA MASTER MAESTRO DEBIT CARD,75651382,130003089,201306296418451,31850,2013-07-01
12,990,VISA MASTER MAESTRO DEBIT CARD,75653457,130003092,201306296422994,31850,2013-07-01
13,990,VISA MASTER MAESTRO DEBIT CARD,75659387,130003094,201306296432470,6850,2013-07-01
14,990,VISA MASTER MAESTRO DEBIT CARD,75664867,130003099,201306296443905,9850,2013-07-01
15,990,VISA MASTER MAESTRO DEBIT CARD,75669915,130003101,201306296456197,31850,2013-07-01
16,990,VISA MASTER MAESTRO DEBIT CARD,75673193,130003103,201306296464602,7286,2013-07-01
17,990,VISA MASTER MAESTRO DEBIT CARD,75694188,130003114,201306296508458,31850,2013-07-01
18,990,VISA MASTER MAESTRO DEBIT CARD,75696024,130003117,201306296511061,32000,2013-07-01
19,990,VISA MASTER MAESTRO DEBIT CARD,75698725,130003118,201306296517646,9850,2013-07-01
20,990,VISA MASTER MAESTRO DEBIT CARD,75699755,130003119,201306296519154,11850,2013-07-01
21,990,VISA MASTER MAESTRO DEBIT CARD,75700675,130003122,201306296521588,32007,2013-07-01
22,990,VISA MASTER MAESTRO DEBIT CARD,75703111,130003125,201306296525984,3350,2013-07-01
23,990,VISA MASTER MAESTRO DEBIT CARD,75709911,130003128,201306296539797,6850,2013-07-01
24,990,VISA MASTER MAESTRO DEBIT CARD,75710193,130003129,201306296540588,6850,2013-07-01
25,990,VISA MASTER MAESTRO DEBIT CARD,75742966,130003148,201306306620299,31850,2013-07-01
26,990,VISA MASTER MAESTRO DEBIT CARD,75749141,130003151,201306306635537,6850,2013-07-01
27,990,VISA MASTER MAESTRO DEBIT CARD,75757770,130003154,201306306671143,11850,2013-07-01
28,990,VISA MASTER MAESTRO DEBIT CARD,75766097,130003163,201306306701258,31850,2013-07-01
29,990,VISA MASTER MAESTRO DEBIT CARD,75774355,130003168,201306306718494,6850,2013-07-01
30,990,VISA MASTER MAESTRO DEBIT CARD,75777956,130003169,201306306725607,9350,2013-07-01
31,990,VISA MASTER MAESTRO DEBIT CARD,75525851,130002920,201306286162250,31850,2013-07-02
32,990,VISA MASTER MAESTRO DEBIT CARD,75534480,130002941,201306286181325,9350,2013-07-02
33,990,VISA MASTER MAESTRO DEBIT CARD,75536079,130002950,201306286184266,850,2013-07-02
34,990,VISA MASTER MAESTRO DEBIT CARD,75540952,130002962,201306286195837,9850,2013-07-02
35,990,VISA MASTER MAESTRO DEBIT CARD,75785808,130003176,201307016743904,9350,2013-07-02
36,990,VISA MASTER MAESTRO DEBIT CARD,75796146,130003183,201307016764325,31850,2013-07-02
37,990,VISA MASTER MAESTRO DEBIT CARD,75797228,130003186,201307016765825,6850,2013-07-02
38,990,VISA MASTER MAESTRO DEBIT CARD,75798406,130003188,201307016767270,7008,2013-07-02
39,990,VISA MASTER MAESTRO DEBIT CARD,75799177,130003189,201307016768683,6850,2013-07-02
40,990,VISA MASTER MAESTRO DEBIT CARD,75803266,130003191,201307016774276,6850,2013-07-02
41,990,VISA MASTER MAESTRO DEBIT CARD,75826432,130003214,201307016809146,11850,2013-07-02
42,990,VISA MASTER MAESTRO DEBIT CARD,75828535,130003217,201307016812273,11850,2013-07-02
43,990,VISA MASTER MAESTRO DEBIT CARD,75829426,130003222,201307016813075,1303,2013-07-02
44,990,VISA MASTER MAESTRO DEBIT CARD,75833277,130003228,201307016817250,31850,2013-07-02
45,990,VISA MASTER MAESTRO DEBIT CARD,75834364,130003229,201307016818412,9850,2013-07-02
46,990,VISA MASTER MAESTRO DEBIT CARD,75840035,130003234,201307016826133,9350,2013-07-02
47,990,VISA MASTER MAESTRO DEBIT CARD,75840141,130003235,201307016825909,31850,2013-07-02
48,990,VISA MASTER MAESTRO DEBIT CARD,75842212,130003237,201307016829027,11850,2013-07-02
49,990,VISA MASTER MAESTRO DEBIT CARD,75845815,130003240,201307016834405,9350,2013-07-02
50,990,VISA MASTER MAESTRO DEBIT CARD,75847939,130003244,201307016838803,11850,2013-07-02
51,990,VISA MASTER MAESTRO DEBIT CARD,75850369,130003246,201307016842879,9350,2013-07-02
52,990,VISA MASTER MAESTRO DEBIT CARD,75852179,130003252,201307016845060,9850,2013-07-02
53,990,VISA MASTER MAESTRO DEBIT CARD,75853614,130003255,201307016848241,31850,2013-07-02
54,990,VISA MASTER MAESTRO DEBIT CARD,75855021,130003257,201307016850787,9850,2013-07-02
55,990,VISA MASTER MAESTRO DEBIT CARD,75855500,130003259,201307016850658,9350,2013-07-02
56,990,VISA MASTER MAESTRO DEBIT CARD,75857365,130003267,201307016854186,31850,2013-07-02
57,990,VISA MASTER MAESTRO DEBIT CARD,75859329,130003269,201307016857758,6850,2013-07-02
58,990,VISA MASTER MAESTRO DEBIT CARD,75867791,130003280,201307016871535,31850,2013-07-02
59,990,VISA MASTER MAESTRO DEBIT CARD,75874966,130003291,201307016883886,9350,2013-07-02
60,990,VISA MASTER MAESTRO DEBIT CARD,75875560,130003292,201307016884641,5850,2013-07-02
61,990,VISA MASTER MAESTRO DEBIT CARD,75880293,130003298,201307016893060,6850,2013-07-02
62,990,VISA MASTER MAESTRO DEBIT CARD,75889017,130003304,201307016910899,6850,2013-07-02
63,990,VISA MASTER MAESTRO DEBIT CARD,75661050,130003096,201306296438186,6850,2013-07-03
64,990,VISA MASTER MAESTRO DEBIT CARD,75796175,130003184,201307016766429,9850,2013-07-03
65,990,VISA MASTER MAESTRO DEBIT CARD,75796498,130003185,201307016764919,6850,2013-07-03
66,990,VISA MASTER MAESTRO DEBIT CARD,75886486,130003301,201307016907194,31850,2013-07-03
67,990,VISA MASTER MAESTRO DEBIT CARD,75895558,130003313,201307026927092,9350,2013-07-03
68,990,VISA MASTER MAESTRO DEBIT CARD,75897083,130003314,201307026935494,11850,2013-07-03
69,990,VISA MASTER MAESTRO DEBIT CARD,75902711,130003318,201307026946873,6850,2013-07-03
70,990,VISA MASTER MAESTRO DEBIT CARD,75903280,130003319,201307026947984,6850,2013-07-03
71,990,VISA MASTER MAESTRO DEBIT CARD,75906623,130003327,201307026952056,6850,2013-07-03
72,990,VISA MASTER MAESTRO DEBIT CARD,75911984,130003339,201307026960301,31850,2013-07-03
73,990,VISA MASTER MAESTRO DEBIT CARD,75926711,130003355,201307026980762,9350,2013-07-03
74,990,VISA MASTER MAESTRO DEBIT CARD,75928927,130003359,201307026984831,9350,2013-07-03
75,990,VISA MASTER MAESTRO DEBIT CARD,75929208,130003360,201307026985088,6850,2013-07-03
76,990,VISA MASTER MAESTRO DEBIT CARD,75942505,130003374,201307027010870,6850,2013-07-03
77,990,VISA MASTER MAESTRO DEBIT CARD,75958315,130003388,201307027036299,7011,2013-07-03
78,990,VISA MASTER MAESTRO DEBIT CARD,75958538,130003390,201307027037087,10,2013-07-03
79,990,VISA MASTER MAESTRO DEBIT CARD,75958618,130003391,201307027036992,11850,2013-07-03
80,990,VISA MASTER MAESTRO DEBIT CARD,75964417,130003396,201307027050416,6850,2013-07-03
81,990,VISA MASTER MAESTRO DEBIT CARD,75967317,130003397,201307027054919,6850,2013-07-03
82,990,VISA MASTER MAESTRO DEBIT CARD,75970427,130003400,201307027063905,31850,2013-07-03
83,990,VISA MASTER MAESTRO DEBIT CARD,75981477,130003415,201307027090495,9350,2013-07-03
84,990,VISA MASTER MAESTRO DEBIT CARD,75982282,130003416,201307027091570,11850,2013-07-03
85,990,VISA MASTER MAESTRO DEBIT CARD,75999308,130003427,201307027138580,31850,2013-07-03
86,990,VISA MASTER MAESTRO DEBIT CARD,75942803,130003369,201307027013279,3350,2013-07-04
87,990,VISA MASTER MAESTRO DEBIT CARD,76010180,130003431,201307037164032,9350,2013-07-04
88,990,VISA MASTER MAESTRO DEBIT CARD,76017836,130003439,201307037177923,3350,2013-07-04
89,990,VISA MASTER MAESTRO DEBIT CARD,76018986,130003444,201307037179607,31850,2013-07-04
90,990,VISA MASTER MAESTRO DEBIT CARD,76019131,130003445,201307037179639,31850,2013-07-04
91,990,VISA MASTER MAESTRO DEBIT CARD,76023182,130003447,201307037187573,9350,2013-07-04
92,990,VISA MASTER MAESTRO DEBIT CARD,76026849,130003449,201307037191290,31850,2013-07-04
93,990,VISA MASTER MAESTRO DEBIT CARD,76031549,130003455,201307037198413,9350,2013-07-04
94,990,VISA MASTER MAESTRO DEBIT CARD,76031965,130003458,201307037198222,3350,2013-07-04
95,990,VISA MASTER MAESTRO DEBIT CARD,76036113,130003460,201307037203852,31850,2013-07-04
96,990,VISA MASTER MAESTRO DEBIT CARD,76036641,130003461,201307037205161,6850,2013-07-04
97,990,VISA MASTER MAESTRO DEBIT CARD,76043229,130003472,201307037214046,32100,2013-07-04
98,990,VISA MASTER MAESTRO DEBIT CARD,76046886,130003475,201307037221198,6850,2013-07-04
99,990,VISA MASTER MAESTRO DEBIT CARD,76047594,130003477,201307037220767,6850,2013-07-04
100,990,VISA MASTER MAESTRO DEBIT CARD,76048472,130003480,201307037223003,6850,2013-07-04
101,990,VISA MASTER MAESTRO DEBIT CARD,76049886,130003489,201307037224117,11850,2013-07-04
102,990,VISA MASTER MAESTRO DEBIT CARD,76053552,130003493,201307037230057,11850,2013-07-04
103,990,VISA MASTER MAESTRO DEBIT CARD,76059288,130003508,201307037238109,9350,2013-07-04
104,990,VISA MASTER MAESTRO DEBIT CARD,76062797,130003510,201307037244479,31850,2013-07-04
105,990,VISA MASTER MAESTRO DEBIT CARD,76069486,130003520,201307037253299,11850,2013-07-04
106,990,VISA MASTER MAESTRO DEBIT CARD,76074136,130003525,201307037260386,31850,2013-07-04
107,990,VISA MASTER MAESTRO DEBIT CARD,76079627,130003531,201307037269444,9350,2013-07-04
108,990,VISA MASTER MAESTRO DEBIT CARD,76085120,130003535,201307037276781,31850,2013-07-04
109,990,VISA MASTER MAESTRO DEBIT CARD,76085742,130003536,201307037277555,6850,2013-07-04
110,990,VISA MASTER MAESTRO DEBIT CARD,76094928,130003549,201307037291109,6850,2013-07-04
111,990,VISA MASTER MAESTRO DEBIT CARD,76095151,130003550,201307037291529,31850,2013-07-04
112,990,VISA MASTER MAESTRO DEBIT CARD,76096846,130003554,201307037293657,9350,2013-07-04
113,990,VISA MASTER MAESTRO DEBIT CARD,76096905,130003555,201307037294217,31850,2013-07-04
114,990,VISA MASTER MAESTRO DEBIT CARD,76100500,130003559,201307037299531,31850,2013-07-04
115,990,VISA MASTER MAESTRO DEBIT CARD,76106611,130003561,201307037311295,31850,2013-07-04
116,990,VISA MASTER MAESTRO DEBIT CARD,76110424,130003566,201307037317617,31850,2013-07-04
117,990,VISA MASTER MAESTRO DEBIT CARD,76118732,130003572,201307047331907,31850,2013-07-05
118,990,VISA MASTER MAESTRO DEBIT CARD,76120806,130003573,201307047336726,31850,2013-07-05
119,990,VISA MASTER MAESTRO DEBIT CARD,76125105,130003576,201307047347815,9350,2013-07-05
120,990,VISA MASTER MAESTRO DEBIT CARD,76125395,130003577,201307047348584,6850,2013-07-05
121,990,VISA MASTER MAESTRO DEBIT CARD,76126660,130003581,201307047350867,9350,2013-07-05
122,990,VISA MASTER MAESTRO DEBIT CARD,76127977,130003583,201307047353271,3350,2013-07-05
123,990,VISA MASTER MAESTRO DEBIT CARD,76134399,130003589,201307047363709,3350,2013-07-05
124,990,VISA MASTER MAESTRO DEBIT CARD,76136859,130003595,201307047367965,31850,2013-07-05
125,990,VISA MASTER MAESTRO DEBIT CARD,76140353,130003604,201307047374265,31850,2013-07-05
126,990,VISA MASTER MAESTRO DEBIT CARD,76140720,130003606,201307047374489,850,2013-07-05
127,990,VISA MASTER MAESTRO DEBIT CARD,76147549,130003614,201307047386832,6850,2013-07-05
128,990,VISA MASTER MAESTRO DEBIT CARD,76148213,130003615,201307047386765,12264,2013-07-05
129,990,VISA MASTER MAESTRO DEBIT CARD,76151276,130003620,201307047391672,31850,2013-07-05
130,990,VISA MASTER MAESTRO DEBIT CARD,76153801,130003625,201307047396640,3350,2013-07-05
131,990,VISA MASTER MAESTRO DEBIT CARD,76155150,130003627,201307047398372,9350,2013-07-05
132,990,VISA MASTER MAESTRO DEBIT CARD,76156451,130003630,201307047400524,31850,2013-07-05
133,990,VISA MASTER MAESTRO DEBIT CARD,76157624,130003631,201307047402580,31850,2013-07-05
134,990,VISA MASTER MAESTRO DEBIT CARD,76157827,130003633,201307047402972,6850,2013-07-05
135,990,VISA MASTER MAESTRO DEBIT CARD,76163565,130003641,201307047414039,31850,2013-07-05
136,990,VISA MASTER MAESTRO DEBIT CARD,76168372,130003647,201307047422305,6850,2013-07-05
137,990,VISA MASTER MAESTRO DEBIT CARD,76174372,130003653,201307047433008,31850,2013-07-05
138,990,VISA MASTER MAESTRO DEBIT CARD,76183634,130003665,201307047449348,9350,2013-07-05
139,990,VISA MASTER MAESTRO DEBIT CARD,76185477,130003671,201307047452365,9350,2013-07-05
140,990,VISA MASTER MAESTRO DEBIT CARD,76187080,130003675,201307047455414,9350,2013-07-05
141,990,VISA MASTER MAESTRO DEBIT CARD,76187309,130003676,201307047455732,3350,2013-07-05
142,990,VISA MASTER MAESTRO DEBIT CARD,76192833,130003688,201307047465096,9350,2013-07-05
143,990,VISA MASTER MAESTRO DEBIT CARD,76197803,130003694,201307047474787,31850,2013-07-05
144,990,VISA MASTER MAESTRO DEBIT CARD,76198214,130003696,201307047475528,31850,2013-07-05
145,990,VISA MASTER MAESTRO DEBIT CARD,76205538,130003697,201307047493298,31850,2013-07-05
146,990,VISA MASTER MAESTRO DEBIT CARD,76210584,130003700,201307047503870,12083,2013-07-05
147,990,VISA MASTER MAESTRO DEBIT CARD,76212455,130003705,201307047508166,31850,2013-07-05
148,990,VISA MASTER MAESTRO DEBIT CARD,76213415,130003707,201307047511400,31850,2013-07-05
149,990,VISA MASTER MAESTRO DEBIT CARD,76219189,130003712,201307047528824,11850,2013-07-05
150,990,VISA MASTER MAESTRO DEBIT CARD,76227839,130003731,201307057560205,3350,2013-07-05
151,990,VISA MASTER MAESTRO DEBIT CARD,76141322,130003607,201307047377499,31850,2013-07-06
152,990,VISA MASTER MAESTRO DEBIT CARD,76178652,130003658,201307047442832,6850,2013-07-06
153,990,VISA MASTER MAESTRO DEBIT CARD,76187926,130003678,201307047459010,3350,2013-07-06
154,990,VISA MASTER MAESTRO DEBIT CARD,76221217,130003715,201307047538389,32001,2013-07-06
155,990,VISA MASTER MAESTRO DEBIT CARD,76228964,130003736,201307057565156,31850,2013-07-06
156,990,VISA MASTER MAESTRO DEBIT CARD,76229554,130003740,201307057568114,31850,2013-07-06
157,990,VISA MASTER MAESTRO DEBIT CARD,76229854,130003742,201307057569675,6850,2013-07-06
158,990,VISA MASTER MAESTRO DEBIT CARD,76232618,130003747,201307057595851,6850,2013-07-06
159,990,VISA MASTER MAESTRO DEBIT CARD,76233348,130003750,201307057597253,11850,2013-07-06
160,990,VISA MASTER MAESTRO DEBIT CARD,76236417,130003759,201307057603836,9350,2013-07-06
161,990,VISA MASTER MAESTRO DEBIT CARD,76238912,130003762,201307057608648,31850,2013-07-06
162,990,VISA MASTER MAESTRO DEBIT CARD,76240544,130003767,201307057610463,9350,2013-07-06
163,990,VISA MASTER MAESTRO DEBIT CARD,76241112,130003769,201307057611104,9350,2013-07-06
164,990,VISA MASTER MAESTRO DEBIT CARD,76241557,130003771,201307057612425,31850,2013-07-06
165,990,VISA MASTER MAESTRO DEBIT CARD,76243046,130003774,201307057614460,6850,2013-07-06
166,990,VISA MASTER MAESTRO DEBIT CARD,76243668,130003778,201307057615043,31850,2013-07-06
167,990,VISA MASTER MAESTRO DEBIT CARD,76246265,130003786,201307057618493,303,2013-07-06
168,990,VISA MASTER MAESTRO DEBIT CARD,76246954,130003788,201307057619402,6850,2013-07-06
169,990,VISA MASTER MAESTRO DEBIT CARD,76257859,130003810,201307057635569,6850,2013-07-06
170,990,VISA MASTER MAESTRO DEBIT CARD,76260604,130003813,201307057640201,6850,2013-07-06
171,990,VISA MASTER MAESTRO DEBIT CARD,76262701,130003815,201307057645920,31850,2013-07-06
172,990,VISA MASTER MAESTRO DEBIT CARD,76263972,130003816,201307057647890,31850,2013-07-06
173,990,VISA MASTER MAESTRO DEBIT CARD,76266426,130003820,201307057654122,6850,2013-07-06
174,990,VISA MASTER MAESTRO DEBIT CARD,76266559,130003821,201307057655240,6850,2013-07-06
175,990,VISA MASTER MAESTRO DEBIT CARD,76268865,130003824,201307057662434,6850,2013-07-06
176,990,VISA MASTER MAESTRO DEBIT CARD,76273841,130003829,201307057677537,6850,2013-07-06
177,990,VISA MASTER MAESTRO DEBIT CARD,76278540,130003832,201307057687024,9350,2013-07-06
178,990,VISA MASTER MAESTRO DEBIT CARD,76278659,130003833,201307057687382,31850,2013-07-06
179,990,VISA MASTER MAESTRO DEBIT CARD,76281740,130003836,201307057692816,9350,2013-07-06
180,990,VISA MASTER MAESTRO DEBIT CARD,76283452,130003838,201307057696016,9350,2013-07-06
181,990,VISA MASTER MAESTRO DEBIT CARD,76284654,130003841,201307057698198,6850,2013-07-06
182,990,VISA MASTER MAESTRO DEBIT CARD,76285393,130003842,201307057699207,31850,2013-07-06
183,990,VISA MASTER MAESTRO DEBIT CARD,76286221,130003845,201307057701162,9350,2013-07-06
184,990,VISA MASTER MAESTRO DEBIT CARD,76287133,130003847,201307057702127,9350,2013-07-06
185,990,VISA MASTER MAESTRO DEBIT CARD,76288717,130003849,201307057704798,9350,2013-07-06
186,990,VISA MASTER MAESTRO DEBIT CARD,76291776,130003855,201307057711284,31850,2013-07-06
187,990,VISA MASTER MAESTRO DEBIT CARD,76293626,130003857,201307057713928,560,2013-07-06
188,990,VISA MASTER MAESTRO DEBIT CARD,76295799,130003861,201307057717324,9350,2013-07-06
189,990,VISA MASTER MAESTRO DEBIT CARD,76298974,130003862,201307057722881,6850,2013-07-06
190,990,VISA MASTER MAESTRO DEBIT CARD,76298981,130003863,201307057722997,11850,2013-07-06
191,990,VISA MASTER MAESTRO DEBIT CARD,76299088,130003864,201307057723137,9350,2013-07-06
192,990,VISA MASTER MAESTRO DEBIT CARD,76303151,130003871,201307057731640,6850,2013-07-06
193,990,VISA MASTER MAESTRO DEBIT CARD,76303192,130003872,201307057732393,9350,2013-07-06
194,990,VISA MASTER MAESTRO DEBIT CARD,76305748,130003881,201307057738348,9350,2013-07-06
195,990,VISA MASTER MAESTRO DEBIT CARD,76305867,130003882,201307057738575,9350,2013-07-06
196,990,VISA MASTER MAESTRO DEBIT CARD,76307250,130003884,201307057742640,9350,2013-07-06
197,990,VISA MASTER MAESTRO DEBIT CARD,76308130,130003885,201307057745958,9350,2013-07-06
198,990,VISA MASTER MAESTRO DEBIT CARD,76308247,130003886,201307057746042,6850,2013-07-06
199,990,VISA MASTER MAESTRO DEBIT CARD,76308543,130003887,201307057747300,6850,2013-07-06
200,990,VISA MASTER MAESTRO DEBIT CARD,76309540,130003889,201307057750732,31850,2013-07-06
201,990,VISA MASTER MAESTRO DEBIT CARD,76310863,130003891,201307057755370,9350,2013-07-06
202,990,VISA MASTER MAESTRO DEBIT CARD,76311120,130003893,201307057756658,9350,2013-07-06
203,990,VISA MASTER MAESTRO DEBIT CARD,76313746,130003896,201307057765527,9350,2013-07-06
204,990,VISA MASTER MAESTRO DEBIT CARD,76318333,130003899,201307057782994,11850,2013-07-06
205,990,VISA MASTER MAESTRO DEBIT CARD,76318579,130003900,201307057784931,32066,2013-07-06
206,990,VISA MASTER MAESTRO DEBIT CARD,76322274,130003906,201307057798382,9350,2013-07-06
207,990,VISA MASTER MAESTRO DEBIT CARD,76323661,130003908,201307057804152,31850,2013-07-06
208,990,VISA MASTER MAESTRO DEBIT CARD,76251915,130003802,201307000000000,31850,1900-01-00
209,990,VISA MASTER MAESTRO DEBIT CARD,76265718,130003819,201307000000000,9850,1900-01-00
210,990,VISA MASTER MAESTRO DEBIT CARD,76290032,130003850,201307000000000,6850,1900-01-00
211,990,VISA MASTER MAESTRO DEBIT CARD,76320679,130003904,201307000000000,9350,1900-01-00
212,990,VISA MASTER MAESTRO DEBIT CARD,76326564,130003910,201307000000000,6850,1900-01-00
213,990,VISA MASTER MAESTRO DEBIT CARD,76326621,130003911,201307000000000,9350,1900-01-00
214,990,VISA MASTER MAESTRO DEBIT CARD,76330545,130003912,201307000000000,31850,1900-01-00
215,990,VISA MASTER MAESTRO DEBIT CARD,76333152,130003913,201307000000000,6850,1900-01-00
216,990,VISA MASTER MAESTRO DEBIT CARD,76335073,130003917,201307000000000,9350,1900-01-00
217,990,VISA MASTER MAESTRO DEBIT CARD,76335272,130003918,201307000000000,9350,1900-01-00
218,990,VISA MASTER MAESTRO DEBIT CARD,76335378,130003919,201307000000000,31850,1900-01-00
219,990,VISA MASTER MAESTRO DEBIT CARD,76336316,130003922,201307000000000,6850,1900-01-00
220,990,VISA MASTER MAESTRO DEBIT CARD,76336623,130003923,201307000000000,9350,1900-01-00
221,990,VISA MASTER MAESTRO DEBIT CARD,76337183,130003925,201307000000000,6850,1900-01-00
222,990,VISA MASTER MAESTRO DEBIT CARD,76337546,130003926,201307000000000,6850,1900-01-00
223,990,VISA MASTER MAESTRO DEBIT CARD,76338706,130003928,201307000000000,11850,1900-01-00
224,990,VISA MASTER MAESTRO DEBIT CARD,76339465,130003930,201307000000000,6850,1900-01-00
225,990,VISA MASTER MAESTRO DEBIT CARD,76342454,130003935,201307000000000,31850,1900-01-00
226,990,VISA MASTER MAESTRO DEBIT CARD,76344579,130003938,201307000000000,6850,1900-01-00
227,990,VISA MASTER MAESTRO DEBIT CARD,76346521,130003939,201307000000000,9350,1900-01-00
228,990,VISA MASTER MAESTRO DEBIT CARD,76348538,130003944,201307000000000,6850,1900-01-00
229,990,VISA MASTER MAESTRO DEBIT CARD,76350483,130003946,201307000000000,6850,1900-01-00
230,990,VISA MASTER MAESTRO DEBIT CARD,76351695,130003948,201307000000000,9350,1900-01-00
231,990,VISA MASTER MAESTRO DEBIT CARD,76353662,130003952,201307000000000,31850,1900-01-00
232,990,VISA MASTER MAESTRO DEBIT CARD,76358123,130003960,201307000000000,31850,1900-01-00
233,990,VISA MASTER MAESTRO DEBIT CARD,76364866,130003963,201307000000000,9350,1900-01-00
234,990,VISA MASTER MAESTRO DEBIT CARD,76365383,130003964,201307000000000,6850,1900-01-00
235,990,VISA MASTER MAESTRO DEBIT CARD,76367157,130003968,201307000000000,11850,1900-01-00
236,990,VISA MASTER MAESTRO DEBIT CARD,76368069,130003969,201307000000000,31850,1900-01-00
237,990,VISA MASTER MAESTRO DEBIT CARD,76369862,130003974,201307000000000,6850,1900-01-00
238,990,VISA MASTER MAESTRO DEBIT CARD,76371965,130003978,201307000000000,3350,1900-01-00
239,990,VISA MASTER MAESTRO DEBIT CARD,76381060,130003989,201307000000000,9350,1900-01-00
240,990,VISA MASTER MAESTRO DEBIT CARD,76384805,130003993,201307000000000,9350,1900-01-00
241,990,VISA MASTER MAESTRO DEBIT CARD,76390394,130003996,201307000000000,9350,1900-01-00
242,990,VISA MASTER MAESTRO DEBIT CARD,76392969,130003999,201307000000000,9350,1900-01-00
243,990,VISA MASTER MAESTRO DEBIT CARD,76395109,130004003,201307000000000,32062,1900-01-00
244,990,VISA MASTER MAESTRO DEBIT CARD,76396084,130004004,201307000000000,31850,1900-01-00
245,990,VISA MASTER MAESTRO DEBIT CARD,76396121,130004005,201307000000000,9350,1900-01-00
246,990,VISA MASTER MAESTRO DEBIT CARD,76397282,130004006,201307000000000,9350,1900-01-00
247,990,VISA MASTER MAESTRO DEBIT CARD,76398796,130004007,201307000000000,9350,1900-01-00
248,990,VISA MASTER MAESTRO DEBIT CARD,76399724,130004009,201307000000000,6850,1900-01-00
249,990,VISA MASTER MAESTRO DEBIT CARD,76399810,130004010,201307000000000,31850,1900-01-00
250,990,VISA MASTER MAESTRO DEBIT CARD,76400312,130004011,201307000000000,6850,1900-01-00
251,990,VISA MASTER MAESTRO DEBIT CARD,76401299,130004012,201307000000000,9350,1900-01-00
252,990,VISA MASTER MAESTRO DEBIT CARD,76402863,130004013,201307000000000,9350,1900-01-00
253,990,VISA MASTER MAESTRO DEBIT CARD,76403934,130004014,201307000000000,31850,1900-01-00
254,990,VISA MASTER MAESTRO DEBIT CARD,76405718,130004017,201307000000000,9350,1900-01-00
255,990,VISA MASTER MAESTRO DEBIT CARD,76416221,130004022,201307000000000,31850,1900-01-00
256,990,VISA MASTER MAESTRO DEBIT CARD,76416594,130004024,201307000000000,9350,1900-01-00
257,990,VISA MASTER MAESTRO DEBIT CARD,76417731,130004027,201307000000000,11850,1900-01-00
258,990,VISA MASTER MAESTRO DEBIT CARD,76419200,130004032,201307000000000,9350,1900-01-00
259,990,VISA MASTER MAESTRO DEBIT CARD,76419762,130004034,201307000000000,6850,1900-01-00
260,990,VISA MASTER MAESTRO DEBIT CARD,76421470,130004036,201307000000000,6850,1900-01-00
261,990,VISA MASTER MAESTRO DEBIT CARD,76428482,130004041,201307000000000,6850,1900-01-00
262,990,VISA MASTER MAESTRO DEBIT CARD,76432665,130004047,201307000000000,9350,1900-01-00
263,990,VISA MASTER MAESTRO DEBIT CARD,76435153,130004052,201307000000000,9350,1900-01-00
264,990,VISA MASTER MAESTRO DEBIT CARD,76435409,130004053,201307000000000,6850,1900-01-00
265,990,VISA MASTER MAESTRO DEBIT CARD,76436658,130004056,201307000000000,11850,1900-01-00
266,990,VISA MASTER MAESTRO DEBIT CARD,76440255,130004059,201307000000000,31850,1900-01-00
267,990,VISA MASTER MAESTRO DEBIT CARD,76440406,130004060,201307000000000,32014,1900-01-00
268,990,VISA MASTER MAESTRO DEBIT CARD,76443570,130004067,201307000000000,9350,1900-01-00
269,990,VISA MASTER MAESTRO DEBIT CARD,76445908,130004068,201307000000000,9350,1900-01-00
270,990,VISA MASTER MAESTRO DEBIT CARD,76446378,130004069,201307000000000,31850,1900-01-00
271,990,VISA MASTER MAESTRO DEBIT CARD,76455235,130004073,201307000000000,11850,1900-01-00
272,990,VISA MASTER MAESTRO DEBIT CARD,76459832,130004079,201307000000000,31850,1900-01-00
273,990,VISA MASTER MAESTRO DEBIT CARD,76466366,130004081,201307000000000,9350,1900-01-00
274,990,VISA MASTER MAESTRO DEBIT CARD,76466775,130004082,201307000000000,9350,1900-01-00
275,990,VISA MASTER MAESTRO DEBIT CARD,76474196,130004089,201307000000000,11850,1900-01-00
276,990,VISA MASTER MAESTRO DEBIT CARD,76474993,130004090,201307000000000,9350,1900-01-00
277,990,VISA MASTER MAESTRO DEBIT CARD,76477564,130004091,201307000000000,6850,1900-01-00
278,990,VISA MASTER MAESTRO DEBIT CARD,76480801,130004094,201307000000000,31850,1900-01-00
279,990,VISA MASTER MAESTRO DEBIT CARD,76481922,130004095,201307000000000,9350,1900-01-00
280,990,VISA MASTER MAESTRO DEBIT CARD,76485368,130004098,201307000000000,31850,1900-01-00
281,990,VISA MASTER MAESTRO DEBIT CARD,76488761,130004106,201307000000000,6850,1900-01-00
282,990,VISA MASTER MAESTRO DEBIT CARD,76489577,130004107,201307000000000,9350,1900-01-00
283,990,VISA MASTER MAESTRO DEBIT CARD,76492788,130004111,201307000000000,11850,1900-01-00
284,990,VISA MASTER MAESTRO DEBIT CARD,76492870,130004112,201307000000000,9350,1900-01-00
285,990,VISA MASTER MAESTRO DEBIT CARD,76393417,130004000,201307000000000,9350,1900-01-00
286,990,VISA MASTER MAESTRO DEBIT CARD,76423568,130004039,201307000000000,31850,1900-01-00
287,990,VISA MASTER MAESTRO DEBIT CARD,76458213,130004076,201307000000000,31850,1900-01-00
288,990,VISA MASTER MAESTRO DEBIT CARD,76478643,130004092,201307000000000,9850,1900-01-00
289,990,VISA MASTER MAESTRO DEBIT CARD,76493825,130004113,201307000000000,31850,1900-01-00
290,990,VISA MASTER MAESTRO DEBIT CARD,76497997,130004114,201307000000000,9350,1900-01-00
291,990,VISA MASTER MAESTRO DEBIT CARD,76498533,130004116,201307000000000,31850,1900-01-00
292,990,VISA MASTER MAESTRO DEBIT CARD,76500828,130004123,201307000000000,9350,1900-01-00
293,990,VISA MASTER MAESTRO DEBIT CARD,76504577,130004128,201307000000000,9350,1900-01-00
294,990,VISA MASTER MAESTRO DEBIT CARD,76505758,130004131,201307000000000,9350,1900-01-00
295,990,VISA MASTER MAESTRO DEBIT CARD,76506893,130004136,201307000000000,6850,1900-01-00
296,990,VISA MASTER MAESTRO DEBIT CARD,76508777,130004138,201307000000000,9350,1900-01-00
297,990,VISA MASTER MAESTRO DEBIT CARD,76508931,130004140,201307000000000,31850,1900-01-00
298,990,VISA MASTER MAESTRO DEBIT CARD,76509165,130004141,201307000000000,9350,1900-01-00
299,990,VISA MASTER MAESTRO DEBIT CARD,76509612,130004142,201307000000000,3350,1900-01-00
300,990,VISA MASTER MAESTRO DEBIT CARD,76509670,130004143,201307000000000,6850,1900-01-00
301,990,VISA MASTER MAESTRO DEBIT CARD,76511119,130004147,201307000000000,9350,1900-01-00
302,990,VISA MASTER MAESTRO DEBIT CARD,76511239,130004149,201307000000000,11850,1900-01-00
303,990,VISA MASTER MAESTRO DEBIT CARD,76513003,130004155,201307000000000,31850,1900-01-00
304,990,VISA MASTER MAESTRO DEBIT CARD,76513441,130004157,201307000000000,9350,1900-01-00
305,990,VISA MASTER MAESTRO DEBIT CARD,76513444,130004158,201307000000000,6850,1900-01-00
306,990,VISA MASTER MAESTRO DEBIT CARD,76513858,130004160,201307000000000,11850,1900-01-00
307,990,VISA MASTER MAESTRO DEBIT CARD,76514836,130004163,201307000000000,9350,1900-01-00
308,990,VISA MASTER MAESTRO DEBIT CARD,76515215,130004164,201307000000000,6850,1900-01-00
309,990,VISA MASTER MAESTRO DEBIT CARD,76515677,130004165,201307000000000,9350,1900-01-00
310,990,VISA MASTER MAESTRO DEBIT CARD,76516474,130004166,201307000000000,3350,1900-01-00
311,990,VISA MASTER MAESTRO DEBIT CARD,76517400,130004170,201307000000000,11850,1900-01-00
312,990,VISA MASTER MAESTRO DEBIT CARD,76517443,130004171,201307000000000,3350,1900-01-00
313,990,VISA MASTER MAESTRO DEBIT CARD,76517462,130004173,201307000000000,32101,1900-01-00
314,990,VISA MASTER MAESTRO DEBIT CARD,76518184,130004174,201307000000000,6850,1900-01-00
315,990,VISA MASTER MAESTRO DEBIT CARD,76518260,130004175,201307000000000,11850,1900-01-00
316,990,VISA MASTER MAESTRO DEBIT CARD,76518690,130004177,201307000000000,850,1900-01-00
317,990,VISA MASTER MAESTRO DEBIT CARD,76526120,130004187,201307000000000,31850,1900-01-00
318,990,VISA MASTER MAESTRO DEBIT CARD,76526136,130004188,201307000000000,9350,1900-01-00
319,990,VISA MASTER MAESTRO DEBIT CARD,76527148,130004190,201307000000000,31850,1900-01-00
320,990,VISA MASTER MAESTRO DEBIT CARD,76528359,130004193,201307000000000,9350,1900-01-00
321,990,VISA MASTER MAESTRO DEBIT CARD,76528738,130004194,201307000000000,31850,1900-01-00
322,990,VISA MASTER MAESTRO DEBIT CARD,76528988,130004195,201307000000000,31850,1900-01-00
323,990,VISA MASTER MAESTRO DEBIT CARD,76529284,130004197,201307000000000,9350,1900-01-00
324,990,VISA MASTER MAESTRO DEBIT CARD,76529940,130004198,201307000000000,31850,1900-01-00
325,990,VISA MASTER MAESTRO DEBIT CARD,76531795,130004202,201307000000000,31850,1900-01-00
326,990,VISA MASTER MAESTRO DEBIT CARD,76534192,130004204,201307000000000,9350,1900-01-00
327,990,VISA MASTER MAESTRO DEBIT CARD,76535295,130004205,201307000000000,9350,1900-01-00
328,990,VISA MASTER MAESTRO DEBIT CARD,76536836,130004206,201307000000000,6850,1900-01-00
329,990,VISA MASTER MAESTRO DEBIT CARD,76537868,130004208,201307000000000,9350,1900-01-00
330,990,VISA MASTER MAESTRO DEBIT CARD,76538236,130004209,201307000000000,6850,1900-01-00
331,990,VISA MASTER MAESTRO DEBIT CARD,76539219,130004210,201307000000000,11850,1900-01-00
332,990,VISA MASTER MAESTRO DEBIT CARD,76541274,130004213,201307000000000,11850,1900-01-00
333,990,VISA MASTER MAESTRO DEBIT CARD,76541483,130004214,201307000000000,31850,1900-01-00
334,990,VISA MASTER MAESTRO DEBIT CARD,76541748,130004216,201307000000000,7209,1900-01-00
335,990,VISA MASTER MAESTRO DEBIT CARD,76542260,130004217,201307000000000,6850,1900-01-00
336,990,VISA MASTER MAESTRO DEBIT CARD,76542786,130004220,201307000000000,6850,1900-01-00
337,990,VISA MASTER MAESTRO DEBIT CARD,76543981,130004223,201307000000000,11850,1900-01-00
338,990,VISA MASTER MAESTRO DEBIT CARD,76544920,130004224,201307000000000,11850,1900-01-00
339,990,VISA MASTER MAESTRO DEBIT CARD,76546435,130004225,201307000000000,9350,1900-01-00
340,990,VISA MASTER MAESTRO DEBIT CARD,76546918,130004227,201307000000000,11850,1900-01-00
341,990,VISA MASTER MAESTRO DEBIT CARD,76547967,130004229,201307000000000,9350,1900-01-00
342,990,VISA MASTER MAESTRO DEBIT CARD,76550217,130004230,201307000000000,11850,1900-01-00
343,990,VISA MASTER MAESTRO DEBIT CARD,76550763,130004231,201307000000000,11850,1900-01-00
344,990,VISA MASTER MAESTRO DEBIT CARD,76551689,130004233,201307000000000,6850,1900-01-00
345,990,VISA MASTER MAESTRO DEBIT CARD,76553686,130004236,201307000000000,11850,1900-01-00
346,990,VISA MASTER MAESTRO DEBIT CARD,76554319,130004238,201307000000000,9350,1900-01-00
347,990,VISA MASTER MAESTRO DEBIT CARD,76555075,130004240,201307000000000,9350,1900-01-00
348,990,VISA MASTER MAESTRO DEBIT CARD,76555261,130004242,201307000000000,31850,1900-01-00
349,990,VISA MASTER MAESTRO DEBIT CARD,76556252,130004243,201307000000000,6850,1900-01-00
350,990,VISA MASTER MAESTRO DEBIT CARD,76556489,130004245,201307000000000,9350,1900-01-00
351,990,VISA MASTER MAESTRO DEBIT CARD,76563283,130004266,201307000000000,31850,1900-01-00
352,990,VISA MASTER MAESTRO DEBIT CARD,76565184,130004269,201307000000000,31850,1900-01-00
353,990,VISA MASTER MAESTRO DEBIT CARD,76567054,130004271,201307000000000,11850,1900-01-00
354,990,VISA MASTER MAESTRO DEBIT CARD,76570332,130004275,201307000000000,11850,1900-01-00
355,990,VISA MASTER MAESTRO DEBIT CARD,76574610,130004279,201307000000000,31850,1900-01-00
356,990,VISA MASTER MAESTRO DEBIT CARD,76581522,130004289,201307000000000,31850,1900-01-00
357,990,VISA MASTER MAESTRO DEBIT CARD,76585082,130004292,201307000000000,31850,1900-01-00
358,990,VISA MASTER MAESTRO DEBIT CARD,76590140,130004296,201307000000000,9350,1900-01-00
359,990,VISA MASTER MAESTRO DEBIT CARD,76595387,130004299,201307000000000,11850,1900-01-00
360,990,VISA MASTER MAESTRO DEBIT CARD,76600620,130004300,201307000000000,31850,1900-01-00
361,990,VISA MASTER MAESTRO DEBIT CARD,76602032,130004302,201307000000000,31850,1900-01-00
362,990,VISA MASTER MAESTRO DEBIT CARD,76604665,130004303,201307000000000,9350,1900-01-00
363,990,VISA MASTER MAESTRO DEBIT CARD,76605990,130004309,201307000000000,9850,1900-01-00
364,990,VISA MASTER MAESTRO DEBIT CARD,76607023,130004311,201307000000000,31850,1900-01-00
365,990,VISA MASTER MAESTRO DEBIT CARD,76607905,130004315,201307000000000,9350,1900-01-00
366,990,VISA MASTER MAESTRO DEBIT CARD,76572672,130004277,201307088308331,31850,2013-07-10
367,990,VISA MASTER MAESTRO DEBIT CARD,76610503,130004325,201307098369174,31850,2013-07-10
368,990,VISA MASTER MAESTRO DEBIT CARD,76614110,130004337,201307098376246,31850,2013-07-10
369,990,VISA MASTER MAESTRO DEBIT CARD,76615792,130004338,201307098380966,11850,2013-07-10
370,990,VISA MASTER MAESTRO DEBIT CARD,76620104,130004342,201307098389557,9350,2013-07-10
371,990,VISA MASTER MAESTRO DEBIT CARD,76621628,130004345,201307098391898,6850,2013-07-10
372,990,VISA MASTER MAESTRO DEBIT CARD,76621934,130004347,201307098393305,32039,2013-07-10
373,990,VISA MASTER MAESTRO DEBIT CARD,76622588,130004348,201307098393326,3350,2013-07-10
374,990,VISA MASTER MAESTRO DEBIT CARD,76624943,130004354,201307098397232,9850,2013-07-10
375,990,VISA MASTER MAESTRO DEBIT CARD,76625765,130004357,201307098397619,9350,2013-07-10
376,990,VISA MASTER MAESTRO DEBIT CARD,76626231,130004358,201307098398769,6850,2013-07-10
377,990,VISA MASTER MAESTRO DEBIT CARD,76626689,130004359,201307098399207,3350,2013-07-10
378,990,VISA MASTER MAESTRO DEBIT CARD,76628824,130004363,201307098402882,3350,2013-07-10
379,990,VISA MASTER MAESTRO DEBIT CARD,76629062,130004366,201307098403628,9350,2013-07-10
380,990,VISA MASTER MAESTRO DEBIT CARD,76631951,130004372,201307098407965,6850,2013-07-10
381,990,VISA MASTER MAESTRO DEBIT CARD,76632468,130004374,201307098408556,9350,2013-07-10
382,990,VISA MASTER MAESTRO DEBIT CARD,76633212,130004376,201307098409790,9500,2013-07-10
383,990,VISA MASTER MAESTRO DEBIT CARD,76634422,130004380,201307098411427,3350,2013-07-10
384,990,VISA MASTER MAESTRO DEBIT CARD,76636944,130004389,201307098416064,9350,2013-07-10
385,990,VISA MASTER MAESTRO DEBIT CARD,76640067,130004395,201307098419448,7013,2013-07-10
386,990,VISA MASTER MAESTRO DEBIT CARD,76640317,130004396,201307098420790,31850,2013-07-10
387,990,VISA MASTER MAESTRO DEBIT CARD,76641413,130004398,201307098421025,3540,2013-07-10
388,990,VISA MASTER MAESTRO DEBIT CARD,76641472,130004399,201307098422086,31850,2013-07-10
389,990,VISA MASTER MAESTRO DEBIT CARD,76645446,130004401,201307098427236,11850,2013-07-10
390,990,VISA MASTER MAESTRO DEBIT CARD,76646738,130004404,201307098428886,9350,2013-07-10
391,990,VISA MASTER MAESTRO DEBIT CARD,76648398,130004409,201307098431260,6850,2013-07-10
392,990,VISA MASTER MAESTRO DEBIT CARD,76653239,130004418,201307098439249,31850,2013-07-10
393,990,VISA MASTER MAESTRO DEBIT CARD,76657949,130004421,201307098446712,9350,2013-07-10
394,990,VISA MASTER MAESTRO DEBIT CARD,76660487,130004423,201307098449715,11850,2013-07-10
395,990,VISA MASTER MAESTRO DEBIT CARD,76660780,130004424,201307098450371,11850,2013-07-10
396,990,VISA MASTER MAESTRO DEBIT CARD,76663180,130004427,201307098453759,6850,2013-07-10
397,990,VISA MASTER MAESTRO DEBIT CARD,76664098,130004428,201307098455251,11850,2013-07-10
398,990,VISA MASTER MAESTRO DEBIT CARD,76668294,130004432,201307098462286,12172,2013-07-10
399,990,VISA MASTER MAESTRO DEBIT CARD,76668522,130004433,201307098462858,9350,2013-07-10
400,990,VISA MASTER MAESTRO DEBIT CARD,76669899,130004435,201307098465641,9350,2013-07-10
401,990,VISA MASTER MAESTRO DEBIT CARD,76671953,130004437,201307098469108,9350,2013-07-10
402,990,VISA MASTER MAESTRO DEBIT CARD,76678612,130004444,201307098480131,9350,2013-07-10
403,990,VISA MASTER MAESTRO DEBIT CARD,76684903,130004447,201307098492463,9350,2013-07-10
404,990,VISA MASTER MAESTRO DEBIT CARD,76686235,130004448,201307098494013,3350,2013-07-10
405,990,VISA MASTER MAESTRO DEBIT CARD,76689081,130004452,201307098498942,31850,2013-07-10
406,990,VISA MASTER MAESTRO DEBIT CARD,76697931,130004456,201307098511967,9350,2013-07-10
407,990,VISA MASTER MAESTRO DEBIT CARD,76702940,130004458,201307098520221,6850,2013-07-10
408,990,VISA MASTER MAESTRO DEBIT CARD,76703306,130004459,201307098520117,9350,2013-07-10
409,990,VISA MASTER MAESTRO DEBIT CARD,76708199,130004462,201307098526937,9350,2013-07-10
410,990,VISA MASTER MAESTRO DEBIT CARD,76714246,130004465,201307098537157,6850,2013-07-10
411,990,VISA MASTER MAESTRO DEBIT CARD,76717485,130004466,201307098547603,31850,2013-07-10
412,990,VISA MASTER MAESTRO DEBIT CARD,76722683,130004474,201307098561356,31850,2013-07-10
413,990,VISA MASTER MAESTRO DEBIT CARD,76723157,130004476,201307098562175,6850,2013-07-10
414,990,VISA MASTER MAESTRO DEBIT CARD,76625734,130004356,201307098397760,9350,2013-07-11
415,990,VISA MASTER MAESTRO DEBIT CARD,76648173,130004408,201307098434017,9850,2013-07-11
416,990,VISA MASTER MAESTRO DEBIT CARD,76649086,130004412,201307098433946,9850,2013-07-11
417,990,VISA MASTER MAESTRO DEBIT CARD,76727490,130004481,201307108569994,11850,2013-07-11
418,990,VISA MASTER MAESTRO DEBIT CARD,76727545,130004482,201307108570121,6850,2013-07-11
419,990,VISA MASTER MAESTRO DEBIT CARD,76728175,130004486,201307108578996,31850,2013-07-11
420,990,VISA MASTER MAESTRO DEBIT CARD,76734700,130004493,201307108594234,11850,2013-07-11
421,990,VISA MASTER MAESTRO DEBIT CARD,76736135,130004495,201307108596598,9350,2013-07-11
422,990,VISA MASTER MAESTRO DEBIT CARD,76737413,130004496,201307108599156,11850,2013-07-11
423,990,VISA MASTER MAESTRO DEBIT CARD,76740128,130004499,201307108603394,11850,2013-07-11
424,990,VISA MASTER MAESTRO DEBIT CARD,76741216,130004501,201307108604913,11850,2013-07-11
425,990,VISA MASTER MAESTRO DEBIT CARD,76742456,130004508,201307108607228,3350,2013-07-11
426,990,VISA MASTER MAESTRO DEBIT CARD,76742985,130004511,201307108607853,9350,2013-07-11
427,990,VISA MASTER MAESTRO DEBIT CARD,76744042,130004516,201307108610091,9350,2013-07-11
428,990,VISA MASTER MAESTRO DEBIT CARD,76746058,130004523,201307108612674,31850,2013-07-11
429,990,VISA MASTER MAESTRO DEBIT CARD,76747811,130004527,201307108615219,31850,2013-07-11
430,990,VISA MASTER MAESTRO DEBIT CARD,76751260,130004536,201307108620075,9350,2013-07-11
431,990,VISA MASTER MAESTRO DEBIT CARD,76753455,130004537,201307108623464,9350,2013-07-11
432,990,VISA MASTER MAESTRO DEBIT CARD,76755478,130004542,201307108627040,31850,2013-07-11
433,990,VISA MASTER MAESTRO DEBIT CARD,76756523,130004544,201307108627398,9350,2013-07-11
434,990,VISA MASTER MAESTRO DEBIT CARD,76757501,130004549,201307108629065,6850,2013-07-11
435,990,VISA MASTER MAESTRO DEBIT CARD,76761165,130004553,201307108635333,12037,2013-07-11
436,990,VISA MASTER MAESTRO DEBIT CARD,76761718,130004554,201307108637485,6850,2013-07-11
437,990,VISA MASTER MAESTRO DEBIT CARD,76763616,130004557,201307108640187,6850,2013-07-11
438,990,VISA MASTER MAESTRO DEBIT CARD,76765701,130004561,201307108642114,31850,2013-07-11
439,990,VISA MASTER MAESTRO DEBIT CARD,76770906,130004573,201307108650689,11850,2013-07-11
440,990,VISA MASTER MAESTRO DEBIT CARD,76773207,130004578,201307108655214,6850,2013-07-11
441,990,VISA MASTER MAESTRO DEBIT CARD,76774424,130004580,201307108656582,32090,2013-07-11
442,990,VISA MASTER MAESTRO DEBIT CARD,76779748,130004587,201307108665647,6850,2013-07-11
443,990,VISA MASTER MAESTRO DEBIT CARD,76783228,130004600,201307108670076,31850,2013-07-11
444,990,VISA MASTER MAESTRO DEBIT CARD,76786669,130004604,201307108675410,31850,2013-07-11
445,990,VISA MASTER MAESTRO DEBIT CARD,76789609,130004607,201307108679830,31850,2013-07-11
446,990,VISA MASTER MAESTRO DEBIT CARD,76789730,130004608,201307108680290,6850,2013-07-11
447,990,VISA MASTER MAESTRO DEBIT CARD,76793339,130004611,201307108685981,11850,2013-07-11
448,990,VISA MASTER MAESTRO DEBIT CARD,76793909,130004612,201307108687360,9350,2013-07-11
449,990,VISA MASTER MAESTRO DEBIT CARD,76795599,130004617,201307108690316,11850,2013-07-11
450,990,VISA MASTER MAESTRO DEBIT CARD,76799493,130004618,201307108696594,31850,2013-07-11
451,990,VISA MASTER MAESTRO DEBIT CARD,76800404,130004622,201307108697997,31850,2013-07-11
452,990,VISA MASTER MAESTRO DEBIT CARD,76801189,130004623,201307108698897,12128,2013-07-11
453,990,VISA MASTER MAESTRO DEBIT CARD,76801436,130004624,201307108699728,31850,2013-07-11
454,990,VISA MASTER MAESTRO DEBIT CARD,76803189,130004627,201307108702729,31850,2013-07-11
455,990,VISA MASTER MAESTRO DEBIT CARD,76805746,130004630,201307108705720,9350,2013-07-11
456,990,VISA MASTER MAESTRO DEBIT CARD,76811449,130004639,201307108714322,6850,2013-07-11
457,990,VISA MASTER MAESTRO DEBIT CARD,76818475,130004647,201307108725008,9350,2013-07-11
458,990,VISA MASTER MAESTRO DEBIT CARD,76818556,130004648,201307108725314,6850,2013-07-11
459,990,VISA MASTER MAESTRO DEBIT CARD,76829982,130004651,201307108742411,31850,2013-07-11
460,990,VISA MASTER MAESTRO DEBIT CARD,76777961,130004582,201307108663571,31850,2013-07-12
461,990,VISA MASTER MAESTRO DEBIT CARD,76779060,130004585,201307108665360,31850,2013-07-12
462,990,VISA MASTER MAESTRO DEBIT CARD,76807928,130004633,201307108711380,31850,2013-07-12
463,990,VISA MASTER MAESTRO DEBIT CARD,76840504,130004655,201307118766378,6850,2013-07-12
464,990,VISA MASTER MAESTRO DEBIT CARD,76841081,130004656,201307118769232,9350,2013-07-12
465,990,VISA MASTER MAESTRO DEBIT CARD,76856111,130004676,201307118795514,6850,2013-07-12
466,990,VISA MASTER MAESTRO DEBIT CARD,76857950,130004677,201307118798493,32239,2013-07-12
467,990,VISA MASTER MAESTRO DEBIT CARD,76859686,130004681,201307118802263,9350,2013-07-12
468,990,VISA MASTER MAESTRO DEBIT CARD,76860228,130004683,201307118802243,9850,2013-07-12
469,990,VISA MASTER MAESTRO DEBIT CARD,76860916,130004684,201307118802744,31850,2013-07-12
470,990,VISA MASTER MAESTRO DEBIT CARD,76861661,130004686,201307118804297,9350,2013-07-12
471,990,VISA MASTER MAESTRO DEBIT CARD,76865213,130004688,201307118809213,228,2013-07-12
472,990,VISA MASTER MAESTRO DEBIT CARD,76867153,130004689,201307118812289,11850,2013-07-12
473,990,VISA MASTER MAESTRO DEBIT CARD,76869992,130004695,201307118816604,11850,2013-07-12
474,990,VISA MASTER MAESTRO DEBIT CARD,76872139,130004699,201307118819781,31850,2013-07-12
475,990,VISA MASTER MAESTRO DEBIT CARD,76874443,130004703,201307118823221,6850,2013-07-12
476,990,VISA MASTER MAESTRO DEBIT CARD,76879102,130004716,201307118830325,9850,2013-07-12
477,990,VISA MASTER MAESTRO DEBIT CARD,76879422,130004717,201307118830936,31850,2013-07-12
478,990,VISA MASTER MAESTRO DEBIT CARD,76881109,130004720,201307118833264,6850,2013-07-12
479,990,VISA MASTER MAESTRO DEBIT CARD,76881521,130004722,201307118835514,31850,2013-07-12
480,990,VISA MASTER MAESTRO DEBIT CARD,76883024,130004726,201307118836128,11850,2013-07-12
481,990,VISA MASTER MAESTRO DEBIT CARD,76884937,130004728,201307118840798,6850,2013-07-12
482,990,VISA MASTER MAESTRO DEBIT CARD,76889854,130004736,201307118847009,3350,2013-07-12
483,990,VISA MASTER MAESTRO DEBIT CARD,76891229,130004738,201307118849018,31850,2013-07-12
484,990,VISA MASTER MAESTRO DEBIT CARD,76891948,130004740,201307118850336,6850,2013-07-12
485,990,VISA MASTER MAESTRO DEBIT CARD,76893998,130004744,201307118853560,11850,2013-07-12
486,990,VISA MASTER MAESTRO DEBIT CARD,76894071,130004745,201307118853677,11850,2013-07-12
487,990,VISA MASTER MAESTRO DEBIT CARD,76896593,130004749,201307118858175,11850,2013-07-12
488,990,VISA MASTER MAESTRO DEBIT CARD,76900119,130004752,201307118863144,6850,2013-07-12
489,990,VISA MASTER MAESTRO DEBIT CARD,76904265,130004754,201307118868503,9350,2013-07-12
490,990,VISA MASTER MAESTRO DEBIT CARD,76920140,130004770,201307118892642,9350,2013-07-12
491,990,VISA MASTER MAESTRO DEBIT CARD,76920354,130004771,201307118892908,6850,2013-07-12
492,990,VISA MASTER MAESTRO DEBIT CARD,76932991,130004792,201307118913120,31850,2013-07-12
493,990,VISA MASTER MAESTRO DEBIT CARD,76934094,130004793,201307118914715,6850,2013-07-12
494,990,VISA MASTER MAESTRO DEBIT CARD,76937267,130004799,201307118918927,32115,2013-07-12
495,990,VISA MASTER MAESTRO DEBIT CARD,76938139,130004801,201307118920250,31850,2013-07-12
496,990,VISA MASTER MAESTRO DEBIT CARD,76938463,130004803,201307118921175,31850,2013-07-12
497,990,VISA MASTER MAESTRO DEBIT CARD,76939994,130004805,201307118923392,31850,2013-07-12
498,990,VISA MASTER MAESTRO DEBIT CARD,76940292,130004806,201307118923919,11850,2013-07-12
499,990,VISA MASTER MAESTRO DEBIT CARD,76941279,130004808,201307118925843,31850,2013-07-12
500,990,VISA MASTER MAESTRO DEBIT CARD,76952263,130004823,201307118946464,31850,2013-07-12
501,990,VISA MASTER MAESTRO DEBIT CARD,76954601,130004824,201307118951066,6850,2013-07-12
502,990,VISA MASTER MAESTRO DEBIT CARD,76840144,130004654,201307118766038,6850,2013-07-13
503,990,VISA MASTER MAESTRO DEBIT CARD,76848696,130004666,201307118786245,6850,2013-07-13
504,990,VISA MASTER MAESTRO DEBIT CARD,76892023,130004739,201307118852605,3350,2013-07-13
505,990,VISA MASTER MAESTRO DEBIT CARD,76930724,130004786,201307118911383,31850,2013-07-13
506,990,VISA MASTER MAESTRO DEBIT CARD,76961312,130004839,201307128964416,6850,2013-07-13
507,990,VISA MASTER MAESTRO DEBIT CARD,76964098,130004842,201307128974374,11850,2013-07-13
508,990,VISA MASTER MAESTRO DEBIT CARD,76964269,130004845,201307128975233,31850,2013-07-13
509,990,VISA MASTER MAESTRO DEBIT CARD,76966605,130004846,201307128984199,9350,2013-07-13
510,990,VISA MASTER MAESTRO DEBIT CARD,76968875,130004849,201307128988291,11850,2013-07-13
511,990,VISA MASTER MAESTRO DEBIT CARD,76969545,130004851,201307128989169,6850,2013-07-13
512,990,VISA MASTER MAESTRO DEBIT CARD,76972951,130004859,201307128995071,9850,2013-07-13
513,990,VISA MASTER MAESTRO DEBIT CARD,76973717,130004861,201307128995973,9850,2013-07-13
514,990,VISA MASTER MAESTRO DEBIT CARD,76975440,130004865,201307128999920,6850,2013-07-13
515,990,VISA MASTER MAESTRO DEBIT CARD,76976917,130004867,201307129004219,31850,2013-07-13
516,990,VISA MASTER MAESTRO DEBIT CARD,76977407,130004870,201307129003276,9350,2013-07-13
517,990,VISA MASTER MAESTRO DEBIT CARD,76978672,130004873,201307129005913,9350,2013-07-13
518,990,VISA MASTER MAESTRO DEBIT CARD,76983801,130004883,201307129015281,3350,2013-07-13
519,990,VISA MASTER MAESTRO DEBIT CARD,76984402,130004884,201307129015124,31850,2013-07-13
520,990,VISA MASTER MAESTRO DEBIT CARD,76988607,130004894,201307129021173,6850,2013-07-13
521,990,VISA MASTER MAESTRO DEBIT CARD,76992935,130004910,201307129026611,11850,2013-07-13
522,990,VISA MASTER MAESTRO DEBIT CARD,76997156,130004916,201307129034011,31850,2013-07-13
523,990,VISA MASTER MAESTRO DEBIT CARD,76999577,130004921,201307129037337,31850,2013-07-13
524,990,VISA MASTER MAESTRO DEBIT CARD,77004442,130004926,201307129044846,9350,2013-07-13
525,990,VISA MASTER MAESTRO DEBIT CARD,77010104,130004941,201307129054021,7051,2013-07-13
526,990,VISA MASTER MAESTRO DEBIT CARD,77010772,130004943,201307129055028,6850,2013-07-13
527,990,VISA MASTER MAESTRO DEBIT CARD,77013101,130004946,201307129058853,9350,2013-07-13
528,990,VISA MASTER MAESTRO DEBIT CARD,77015483,130004952,201307129062799,9350,2013-07-13
529,990,VISA MASTER MAESTRO DEBIT CARD,77020882,130004963,201307129073787,32042,2013-07-13
530,990,VISA MASTER MAESTRO DEBIT CARD,77026444,130004976,201307129080502,11850,2013-07-13
531,990,VISA MASTER MAESTRO DEBIT CARD,77029268,130004986,201307129084458,9350,2013-07-13
532,990,VISA MASTER MAESTRO DEBIT CARD,77029940,130004989,201307129085305,31850,2013-07-13
533,990,VISA MASTER MAESTRO DEBIT CARD,77031357,130004991,201307129087660,9350,2013-07-13
534,990,VISA MASTER MAESTRO DEBIT CARD,77035877,130004994,201307129093938,6850,2013-07-13
535,990,VISA MASTER MAESTRO DEBIT CARD,77049330,130005005,201307129117035,32032,2013-07-13
536,990,VISA MASTER MAESTRO DEBIT CARD,77050056,130005006,201307129119340,31850,2013-07-13
537,990,VISA MASTER MAESTRO DEBIT CARD,77051358,130005013,201307129122787,6850,2013-07-13
538,990,VISA MASTER MAESTRO DEBIT CARD,77051792,130005014,201307129123134,11850,2013-07-13
539,990,VISA MASTER MAESTRO DEBIT CARD,77063518,130005029,201307129153608,31850,2013-07-13
540,990,VISA MASTER MAESTRO DEBIT CARD,77064921,130005041,201307129155998,31850,2013-07-13
541,990,VISA MASTER MAESTRO DEBIT CARD,77069891,130005050,201307129163521,31850,2013-07-13
542,990,VISA MASTER MAESTRO DEBIT CARD,77069940,130005051,201307129163849,31850,2013-07-13
543,990,VISA MASTER MAESTRO DEBIT CARD,77073679,130005059,201307129171187,31850,2013-07-13
544,990,VISA MASTER MAESTRO DEBIT CARD,77074470,130005065,201307129172698,314,2013-07-13
545,990,VISA MASTER MAESTRO DEBIT CARD,77077950,130005070,201307129181306,6850,2013-07-13
546,990,VISA MASTER MAESTRO DEBIT CARD,76994732,130004913,201307129032673,31850,2013-07-15
547,990,VISA MASTER MAESTRO DEBIT CARD,77025359,130004974,201307129080590,31850,2013-07-15
548,990,VISA MASTER MAESTRO DEBIT CARD,77048783,130005003,201307129119297,31850,2013-07-15
549,990,VISA MASTER MAESTRO DEBIT CARD,77066958,130005043,201307129160128,9850,2013-07-15
550,990,VISA MASTER MAESTRO DEBIT CARD,77079819,130005075,201307139184870,9350,2013-07-15
551,990,VISA MASTER MAESTRO DEBIT CARD,77083968,130005086,201307139198609,6850,2013-07-15
552,990,VISA MASTER MAESTRO DEBIT CARD,77090623,130005097,201307139213242,11850,2013-07-15
553,990,VISA MASTER MAESTRO DEBIT CARD,77096573,130005104,201307139223474,6850,2013-07-15
554,990,VISA MASTER MAESTRO DEBIT CARD,77098547,130005106,201307139228455,31850,2013-07-15
555,990,VISA MASTER MAESTRO DEBIT CARD,77099180,130005108,201307139227581,6850,2013-07-15
556,990,VISA MASTER MAESTRO DEBIT CARD,77104919,130005114,201307139236393,11850,2013-07-15
557,990,VISA MASTER MAESTRO DEBIT CARD,77107921,130005119,201307139240683,11850,2013-07-15
558,990,VISA MASTER MAESTRO DEBIT CARD,77114230,130005121,201307139247723,11850,2013-07-15
559,990,VISA MASTER MAESTRO DEBIT CARD,77116547,130005123,201307139250947,31850,2013-07-15
560,990,VISA MASTER MAESTRO DEBIT CARD,77116915,130005124,201307139251348,31850,2013-07-15
561,990,VISA MASTER MAESTRO DEBIT CARD,77128331,130005139,201307139266004,221,2013-07-15
562,990,VISA MASTER MAESTRO DEBIT CARD,77132631,130005149,201307139272472,31850,2013-07-15
563,990,VISA MASTER MAESTRO DEBIT CARD,77134025,130005150,201307139273679,9350,2013-07-15
564,990,VISA MASTER MAESTRO DEBIT CARD,77148692,130005166,201307139294134,31850,2013-07-15
565,990,VISA MASTER MAESTRO DEBIT CARD,77151180,130005167,201307139299383,850,2013-07-15
566,990,VISA MASTER MAESTRO DEBIT CARD,77155414,130005171,201307139305700,31850,2013-07-15
567,990,VISA MASTER MAESTRO DEBIT CARD,77157024,130005175,201307139308557,6850,2013-07-15
568,990,VISA MASTER MAESTRO DEBIT CARD,77157490,130005177,201307139309030,9350,2013-07-15
569,990,VISA MASTER MAESTRO DEBIT CARD,77162310,130005183,201307139323281,31850,2013-07-15
570,990,VISA MASTER MAESTRO DEBIT CARD,77171844,130005192,201307139338405,11850,2013-07-15
571,990,VISA MASTER MAESTRO DEBIT CARD,77175310,130005195,201307139342879,11850,2013-07-15
572,990,VISA MASTER MAESTRO DEBIT CARD,77186375,130005200,201307139357528,31850,2013-07-15
573,990,VISA MASTER MAESTRO DEBIT CARD,77189494,130005203,201307139361309,6850,2013-07-15
574,990,VISA MASTER MAESTRO DEBIT CARD,77192453,130005208,201307139365396,6850,2013-07-15
575,990,VISA MASTER MAESTRO DEBIT CARD,77195461,130005214,201307139370019,9350,2013-07-15
576,990,VISA MASTER MAESTRO DEBIT CARD,77195851,130005215,201307139370662,9350,2013-07-15
577,990,VISA MASTER MAESTRO DEBIT CARD,77198875,130005224,201307139375124,31850,2013-07-15
578,990,VISA MASTER MAESTRO DEBIT CARD,77200713,130005230,201307139378774,9350,2013-07-15
579,990,VISA MASTER MAESTRO DEBIT CARD,77202539,130005236,201307139382264,11850,2013-07-15
580,990,VISA MASTER MAESTRO DEBIT CARD,77203483,130005237,201307149383881,11850,2013-07-15
581,990,VISA MASTER MAESTRO DEBIT CARD,77211572,130005253,201307149414695,31850,2013-07-15
582,990,VISA MASTER MAESTRO DEBIT CARD,77212097,130005254,201307149416212,31850,2013-07-15
583,990,VISA MASTER MAESTRO DEBIT CARD,77222838,130005263,201307149438615,11850,2013-07-15
584,990,VISA MASTER MAESTRO DEBIT CARD,77230212,130005277,201307149450214,31850,2013-07-15
585,990,VISA MASTER MAESTRO DEBIT CARD,77230958,130005279,201307149451631,31850,2013-07-15
586,990,VISA MASTER MAESTRO DEBIT CARD,77236897,130005288,201307149462867,9350,2013-07-15
587,990,VISA MASTER MAESTRO DEBIT CARD,77240551,130005291,201307149468093,31850,2013-07-15
588,990,VISA MASTER MAESTRO DEBIT CARD,77244691,130005293,201307149474963,31850,2013-07-15
589,990,VISA MASTER MAESTRO DEBIT CARD,77247227,130005297,201307149479458,31850,2013-07-15
590,990,VISA MASTER MAESTRO DEBIT CARD,77255681,130005305,201307149490912,9350,2013-07-15
591,990,VISA MASTER MAESTRO DEBIT CARD,77257912,130005307,201307149493940,31850,2013-07-15
592,990,VISA MASTER MAESTRO DEBIT CARD,77262867,130005314,201307149501182,6850,2013-07-15
593,990,VISA MASTER MAESTRO DEBIT CARD,77269402,130005324,201307149510557,9350,2013-07-15
594,990,VISA MASTER MAESTRO DEBIT CARD,77269610,130005326,201307149511059,11850,2013-07-15
595,990,VISA MASTER MAESTRO DEBIT CARD,77270360,130005327,201307149512190,6850,2013-07-15
596,990,VISA MASTER MAESTRO DEBIT CARD,77274134,130005333,201307149517063,31850,2013-07-15
597,990,VISA MASTER MAESTRO DEBIT CARD,77274894,130005334,201307149518285,3350,2013-07-15
598,990,VISA MASTER MAESTRO DEBIT CARD,77278485,130005336,201307149522342,9350,2013-07-15
599,990,VISA MASTER MAESTRO DEBIT CARD,77285574,130005341,201307149531777,31850,2013-07-15
600,990,VISA MASTER MAESTRO DEBIT CARD,77286609,130005344,201307149533724,11850,2013-07-15
601,990,VISA MASTER MAESTRO DEBIT CARD,77289868,130005349,201307149538108,3000,2013-07-15
602,990,VISA MASTER MAESTRO DEBIT CARD,77292008,130005356,201307149540414,7109,2013-07-15
603,990,VISA MASTER MAESTRO DEBIT CARD,77136774,130005153,201307139279674,31850,2013-07-16
604,990,VISA MASTER MAESTRO DEBIT CARD,77199851,130005226,201307139376789,31850,2013-07-16
605,990,VISA MASTER MAESTRO DEBIT CARD,77226743,130005270,201307149446516,31850,2013-07-16
606,990,VISA MASTER MAESTRO DEBIT CARD,77297559,130005370,201307159547651,6850,2013-07-16
607,990,VISA MASTER MAESTRO DEBIT CARD,77298982,130005372,201307159549592,6850,2013-07-16
608,990,VISA MASTER MAESTRO DEBIT CARD,77307498,130005380,201307159567177,31850,2013-07-16
609,990,VISA MASTER MAESTRO DEBIT CARD,77308281,130005381,201307159568287,31850,2013-07-16
610,990,VISA MASTER MAESTRO DEBIT CARD,77311481,130005384,201307159571938,6850,2013-07-16
611,990,VISA MASTER MAESTRO DEBIT CARD,77311840,130005386,201307159572417,9350,2013-07-16
612,990,VISA MASTER MAESTRO DEBIT CARD,77319408,130005404,201307159581739,11850,2013-07-16
613,990,VISA MASTER MAESTRO DEBIT CARD,77323402,130005410,201307159585723,9350,2013-07-16
614,990,VISA MASTER MAESTRO DEBIT CARD,77324392,130005414,201307159586406,6850,2013-07-16
615,990,VISA MASTER MAESTRO DEBIT CARD,77328153,130005420,201307159590774,6850,2013-07-16
616,990,VISA MASTER MAESTRO DEBIT CARD,77329708,130005425,201307159591010,9350,2013-07-16
617,990,VISA MASTER MAESTRO DEBIT CARD,77330017,130005428,201307159591556,6850,2013-07-16
618,990,VISA MASTER MAESTRO DEBIT CARD,77330346,130005430,201307159591485,31850,2013-07-16
619,990,VISA MASTER MAESTRO DEBIT CARD,77331333,130005432,201307159592950,9350,2013-07-16
620,990,VISA MASTER MAESTRO DEBIT CARD,77331576,130005433,201307159592868,9350,2013-07-16
621,990,VISA MASTER MAESTRO DEBIT CARD,77331802,130005435,201307159593653,9350,2013-07-16
622,990,VISA MASTER MAESTRO DEBIT CARD,77332128,130005437,201307159593637,32320,2013-07-16
623,990,VISA MASTER MAESTRO DEBIT CARD,77332537,130005438,201307159594623,6850,2013-07-16
624,990,VISA MASTER MAESTRO DEBIT CARD,77332965,130005442,201307159594577,31850,2013-07-16
625,990,VISA MASTER MAESTRO DEBIT CARD,77332977,130005443,201307159594716,31850,2013-07-16
626,990,VISA MASTER MAESTRO DEBIT CARD,77333934,130005449,201307159595206,31850,2013-07-16
627,990,VISA MASTER MAESTRO DEBIT CARD,77335301,130005452,201307159596040,6850,2013-07-16
628,990,VISA MASTER MAESTRO DEBIT CARD,77339263,130005463,201307159599804,9850,2013-07-16
629,990,VISA MASTER MAESTRO DEBIT CARD,77343360,130005471,201307159604678,6850,2013-07-16
630,990,VISA MASTER MAESTRO DEBIT CARD,77347283,130005475,201307159607481,9350,2013-07-16
631,990,VISA MASTER MAESTRO DEBIT CARD,77347978,130005477,201307159608118,31850,2013-07-16
632,990,VISA MASTER MAESTRO DEBIT CARD,77348493,130005478,201307159608733,11850,2013-07-16
633,990,VISA MASTER MAESTRO DEBIT CARD,77349104,130005479,201307159611537,31850,2013-07-16
634,990,VISA MASTER MAESTRO DEBIT CARD,77369800,130005518,201307159629718,11850,2013-07-16
635,990,VISA MASTER MAESTRO DEBIT CARD,77371193,130005524,201307159630735,6850,2013-07-16
636,990,VISA MASTER MAESTRO DEBIT CARD,77374048,130005535,201307159633728,6850,2013-07-16
637,990,VISA MASTER MAESTRO DEBIT CARD,77374084,130005536,201307159633247,31850,2013-07-16
638,990,VISA MASTER MAESTRO DEBIT CARD,77375352,130005539,201307159635414,31850,2013-07-16
639,990,VISA MASTER MAESTRO DEBIT CARD,77375711,130005542,201307159635287,9850,2013-07-16
640,990,VISA MASTER MAESTRO DEBIT CARD,77375755,130005543,201307159634895,31850,2013-07-16
641,990,VISA MASTER MAESTRO DEBIT CARD,77378830,130005551,201307159637364,11850,2013-07-16
642,990,VISA MASTER MAESTRO DEBIT CARD,77378983,130005553,201307159637582,32040,2013-07-16
643,990,VISA MASTER MAESTRO DEBIT CARD,77380862,130005560,201307159639641,6850,2013-07-16
644,990,VISA MASTER MAESTRO DEBIT CARD,77381739,130005562,201307159639666,9350,2013-07-16
645,990,VISA MASTER MAESTRO DEBIT CARD,77382056,130005564,201307159640052,9850,2013-07-16
646,990,VISA MASTER MAESTRO DEBIT CARD,77385377,130005570,201307159644012,31850,2013-07-16
647,990,VISA MASTER MAESTRO DEBIT CARD,77385473,130005567,201307159644350,9350,2013-07-16
648,990,VISA MASTER MAESTRO DEBIT CARD,77387768,130005576,201307159646419,9350,2013-07-16
649,990,VISA MASTER MAESTRO DEBIT CARD,77390352,130005580,201307159649241,9350,2013-07-16
650,990,VISA MASTER MAESTRO DEBIT CARD,77390823,130005583,201307159649010,31850,2013-07-16
651,990,VISA MASTER MAESTRO DEBIT CARD,77392722,130005589,201307159651899,31850,2013-07-16
652,990,VISA MASTER MAESTRO DEBIT CARD,77407264,130005625,201307159666712,6850,2013-07-16
653,990,VISA MASTER MAESTRO DEBIT CARD,77412239,130005632,201307159671140,31850,2013-07-16
654,990,VISA MASTER MAESTRO DEBIT CARD,77413612,130005633,201307159672206,31850,2013-07-16
655,990,VISA MASTER MAESTRO DEBIT CARD,77427136,130005646,201307159688395,11850,2013-07-16
656,990,VISA MASTER MAESTRO DEBIT CARD,77427199,130005647,201307159688144,31850,2013-07-16
657,990,VISA MASTER MAESTRO DEBIT CARD,77430449,130005649,201307159691099,11850,2013-07-16
658,990,VISA MASTER MAESTRO DEBIT CARD,77435253,130005659,201307159695899,11850,2013-07-16
659,990,VISA MASTER MAESTRO DEBIT CARD,77436842,130005662,201307159697731,11850,2013-07-16
660,990,VISA MASTER MAESTRO DEBIT CARD,77447341,130005674,201307159707556,11850,2013-07-16
661,990,VISA MASTER MAESTRO DEBIT CARD,77447626,130005676,201307159708260,31850,2013-07-16
662,990,VISA MASTER MAESTRO DEBIT CARD,77450801,130005680,201307159711171,11850,2013-07-16
663,990,VISA MASTER MAESTRO DEBIT CARD,77452692,130005683,201307159712446,11850,2013-07-16
664,990,VISA MASTER MAESTRO DEBIT CARD,77453833,130005688,201307159713356,11850,2013-07-16
665,990,VISA MASTER MAESTRO DEBIT CARD,77454250,130005691,201307159714239,11850,2013-07-16
666,990,VISA MASTER MAESTRO DEBIT CARD,77462295,130005704,201307159720709,11850,2013-07-16
667,990,VISA MASTER MAESTRO DEBIT CARD,77471166,130005710,201307159729498,9350,2013-07-16
668,990,VISA MASTER MAESTRO DEBIT CARD,77472512,130005713,201307159731408,31850,2013-07-16
669,990,VISA MASTER MAESTRO DEBIT CARD,77475711,130005720,201307159734247,31850,2013-07-16
670,990,VISA MASTER MAESTRO DEBIT CARD,77476956,130005721,201307159736288,32114,2013-07-16
671,990,VISA MASTER MAESTRO DEBIT CARD,77478741,130005724,201307159737559,11850,2013-07-16
672,990,VISA MASTER MAESTRO DEBIT CARD,77480907,130005727,201307159740705,6850,2013-07-16
673,990,VISA MASTER MAESTRO DEBIT CARD,77481575,130005728,201307159741737,11850,2013-07-16
674,990,VISA MASTER MAESTRO DEBIT CARD,77481806,130005730,201307159742010,11850,2013-07-16
675,990,VISA MASTER MAESTRO DEBIT CARD,77482954,130005732,201307159742942,11850,2013-07-16
676,990,VISA MASTER MAESTRO DEBIT CARD,77483803,130005734,201307169743818,31850,2013-07-16
677,990,VISA MASTER MAESTRO DEBIT CARD,76504465,130004127,201307088196180,9350,2013-07-17
678,990,VISA MASTER MAESTRO DEBIT CARD,77323945,130005412,201307159587599,6850,2013-07-17
679,990,VISA MASTER MAESTRO DEBIT CARD,77324789,130005415,201307159589192,31850,2013-07-17
680,990,VISA MASTER MAESTRO DEBIT CARD,77335607,130005454,201307159598816,9850,2013-07-17
681,990,VISA MASTER MAESTRO DEBIT CARD,77342945,130005470,201307159606619,31850,2013-07-17
682,990,VISA MASTER MAESTRO DEBIT CARD,77365082,130005508,201307159628092,6850,2013-07-17
683,990,VISA MASTER MAESTRO DEBIT CARD,77379314,130005556,201307159639288,9850,2013-07-17
684,990,VISA MASTER MAESTRO DEBIT CARD,77393620,130005591,201307159653611,31850,2013-07-17
685,990,VISA MASTER MAESTRO DEBIT CARD,77414018,130005635,201307159673994,9850,2013-07-17
686,990,VISA MASTER MAESTRO DEBIT CARD,77450290,130005679,201307159712566,9850,2013-07-17
687,990,VISA MASTER MAESTRO DEBIT CARD,77485011,130005741,201307169746025,9850,2013-07-17
688,990,VISA MASTER MAESTRO DEBIT CARD,77485593,130005751,201307169746979,6850,2013-07-17
689,990,VISA MASTER MAESTRO DEBIT CARD,77485964,130005752,201307169756748,11850,2013-07-17
690,990,VISA MASTER MAESTRO DEBIT CARD,77489093,130005759,201307169783296,31850,2013-07-17
691,990,VISA MASTER MAESTRO DEBIT CARD,77491701,130005775,201307169789953,7353,2013-07-17
692,990,VISA MASTER MAESTRO DEBIT CARD,77493252,130005781,201307169792998,7015,2013-07-17
693,990,VISA MASTER MAESTRO DEBIT CARD,77494237,130005783,201307169794940,9350,2013-07-17
694,990,VISA MASTER MAESTRO DEBIT CARD,77498511,130005790,201307169804744,9350,2013-07-17
695,990,VISA MASTER MAESTRO DEBIT CARD,77498894,130005791,201307169805979,11850,2013-07-17
696,990,VISA MASTER MAESTRO DEBIT CARD,77501686,130005800,201307169811025,3350,2013-07-17
697,990,VISA MASTER MAESTRO DEBIT CARD,77502484,130005803,201307169812140,3350,2013-07-17
698,990,VISA MASTER MAESTRO DEBIT CARD,77502742,130005805,201307169812489,9350,2013-07-17
699,990,VISA MASTER MAESTRO DEBIT CARD,77503336,130005807,201307169813957,31850,2013-07-17
700,990,VISA MASTER MAESTRO DEBIT CARD,77506418,130005813,201307169818961,31850,2013-07-17
701,990,VISA MASTER MAESTRO DEBIT CARD,77507017,130005815,201307169820349,9350,2013-07-17
702,990,VISA MASTER MAESTRO DEBIT CARD,77509145,130005821,201307169824915,6850,2013-07-17
703,990,VISA MASTER MAESTRO DEBIT CARD,77510072,130005824,201307169827182,11850,2013-07-17
704,990,VISA MASTER MAESTRO DEBIT CARD,77510249,130005825,201307169826791,9350,2013-07-17
705,990,VISA MASTER MAESTRO DEBIT CARD,77510499,130005827,201307169827381,32014,2013-07-17
706,990,VISA MASTER MAESTRO DEBIT CARD,77511352,130005830,201307169829177,31850,2013-07-17
707,990,VISA MASTER MAESTRO DEBIT CARD,77512625,130005835,201307169832565,31850,2013-07-17
708,990,VISA MASTER MAESTRO DEBIT CARD,77513995,130005841,201307169835527,31850,2013-07-17
709,990,VISA MASTER MAESTRO DEBIT CARD,77514280,130005842,201307169836203,11850,2013-07-17
710,990,VISA MASTER MAESTRO DEBIT CARD,77514399,130005843,201307169837367,3350,2013-07-17
711,990,VISA MASTER MAESTRO DEBIT CARD,77514744,130005846,201307169839503,7107,2013-07-17
712,990,VISA MASTER MAESTRO DEBIT CARD,77514772,130005847,201307169837736,6850,2013-07-17
713,990,VISA MASTER MAESTRO DEBIT CARD,77516013,130005852,201307169842165,11850,2013-07-17
714,990,VISA MASTER MAESTRO DEBIT CARD,77516459,130005858,201307169844030,6850,2013-07-17
715,990,VISA MASTER MAESTRO DEBIT CARD,77516846,130005861,201307169845360,6850,2013-07-17
716,990,VISA MASTER MAESTRO DEBIT CARD,77518427,130005871,201307169850486,9350,2013-07-17
717,990,VISA MASTER MAESTRO DEBIT CARD,77519243,130005877,201307169853134,7038,2013-07-17
718,990,VISA MASTER MAESTRO DEBIT CARD,77519507,130005878,201307169854032,3350,2013-07-17
719,990,VISA MASTER MAESTRO DEBIT CARD,77520247,130005883,201307169856300,9350,2013-07-17
720,990,VISA MASTER MAESTRO DEBIT CARD,77521149,130005888,201307169859313,31850,2013-07-17
721,990,VISA MASTER MAESTRO DEBIT CARD,77521945,130005891,201307169861503,9350,2013-07-17
722,990,VISA MASTER MAESTRO DEBIT CARD,77522230,130005892,201307169862794,11850,2013-07-17
723,990,VISA MASTER MAESTRO DEBIT CARD,77522659,130005894,201307169863358,11850,2013-07-17
724,990,VISA MASTER MAESTRO DEBIT CARD,77522712,130005895,201307169863801,31850,2013-07-17
725,990,VISA MASTER MAESTRO DEBIT CARD,77523389,130005898,201307169864836,9350,2013-07-17
726,990,VISA MASTER MAESTRO DEBIT CARD,77524908,130005905,201307169867767,11850,2013-07-17
727,990,VISA MASTER MAESTRO DEBIT CARD,77525414,130005906,201307169868702,9350,2013-07-17
728,990,VISA MASTER MAESTRO DEBIT CARD,77525724,130005907,201307169869301,31850,2013-07-17
729,990,VISA MASTER MAESTRO DEBIT CARD,77526403,130005910,201307169870938,6850,2013-07-17
730,990,VISA MASTER MAESTRO DEBIT CARD,77527036,130005914,201307169872034,6850,2013-07-17
731,990,VISA MASTER MAESTRO DEBIT CARD,77528136,130005915,201307169873836,6850,2013-07-17
732,990,VISA MASTER MAESTRO DEBIT CARD,77529948,130005918,201307169877597,31850,2013-07-17
733,990,VISA MASTER MAESTRO DEBIT CARD,77532658,130005920,201307169883648,7502,2013-07-17
734,990,VISA MASTER MAESTRO DEBIT CARD,77534535,130005923,201307169888504,31850,2013-07-17
735,990,VISA MASTER MAESTRO DEBIT CARD,77535473,130005926,201307169889123,31850,2013-07-17
736,990,VISA MASTER MAESTRO DEBIT CARD,77535594,130005927,201307169889928,9350,2013-07-17
737,990,VISA MASTER MAESTRO DEBIT CARD,77536328,130005930,201307169891718,31850,2013-07-17
738,990,VISA MASTER MAESTRO DEBIT CARD,77536379,130005931,201307169891260,9850,2013-07-17
739,990,VISA MASTER MAESTRO DEBIT CARD,77536979,130005933,201307169892282,32098,2013-07-17
740,990,VISA MASTER MAESTRO DEBIT CARD,77538484,130005938,201307169895489,11850,2013-07-17
741,990,VISA MASTER MAESTRO DEBIT CARD,77538665,130005939,201307169895710,9350,2013-07-17
742,990,VISA MASTER MAESTRO DEBIT CARD,77539487,130005942,201307169897513,11850,2013-07-17
743,990,VISA MASTER MAESTRO DEBIT CARD,77544111,130005945,201307169911789,533,2013-07-17
744,990,VISA MASTER MAESTRO DEBIT CARD,77547253,130005955,201307169918792,3350,2013-07-17
745,990,VISA MASTER MAESTRO DEBIT CARD,77551491,130005963,201307169929338,31850,2013-07-17
746,990,VISA MASTER MAESTRO DEBIT CARD,77559649,130005970,201307169946482,6850,2013-07-17
747,990,VISA MASTER MAESTRO DEBIT CARD,77560132,130005972,201307169947887,31850,2013-07-17
748,990,VISA MASTER MAESTRO DEBIT CARD,77565056,130005980,201307169960581,6850,2013-07-17
749,990,VISA MASTER MAESTRO DEBIT CARD,77565364,130005982,201307169961287,9350,2013-07-17
750,990,VISA MASTER MAESTRO DEBIT CARD,77565504,130005983,201307169961609,9350,2013-07-17
751,990,VISA MASTER MAESTRO DEBIT CARD,77565655,130005985,201307169961999,7062,2013-07-17
752,990,VISA MASTER MAESTRO DEBIT CARD,75928591,130003358,201307026983947,9350,2013-07-18
753,990,VISA MASTER MAESTRO DEBIT CARD,76170593,130003649,201307047427763,9350,2013-07-18
754,990,VISA MASTER MAESTRO DEBIT CARD,76278301,130003831,201307057686809,9350,2013-07-18
755,990,VISA MASTER MAESTRO DEBIT CARD,76302166,130003868,201307057730201,6850,2013-07-18
756,990,VISA MASTER MAESTRO DEBIT CARD,76304742,130003877,201307057736017,6850,2013-07-18
757,990,VISA MASTER MAESTRO DEBIT CARD,76392712,130003998,201307067954240,9350,2013-07-18
758,990,VISA MASTER MAESTRO DEBIT CARD,76504011,130004125,201307088195601,9350,2013-07-18
759,990,VISA MASTER MAESTRO DEBIT CARD,76508370,130004137,201307088202516,9350,2013-07-18
760,990,VISA MASTER MAESTRO DEBIT CARD,76537666,130004207,201307088246744,9350,2013-07-18
761,990,VISA MASTER MAESTRO DEBIT CARD,77507255,130005817,201307169823247,31850,2013-07-18
762,990,VISA MASTER MAESTRO DEBIT CARD,77535918,130005928,201307169892098,6850,2013-07-18
763,990,VISA MASTER MAESTRO DEBIT CARD,77542973,130005944,201307169910742,6850,2013-07-18
764,990,VISA MASTER MAESTRO DEBIT CARD,77566951,130005988,201307179964974,6850,2013-07-18
765,990,VISA MASTER MAESTRO DEBIT CARD,77568001,130005991,201307179967482,31850,2013-07-18
766,990,VISA MASTER MAESTRO DEBIT CARD,77571401,130005994,201307179983392,9350,2013-07-18
767,990,VISA MASTER MAESTRO DEBIT CARD,77578472,130006004,201307170002010,31850,2013-07-18
768,990,VISA MASTER MAESTRO DEBIT CARD,77579034,130006006,201307170003179,31850,2013-07-18
769,990,VISA MASTER MAESTRO DEBIT CARD,77583313,130006017,201307170014348,31850,2013-07-18
770,990,VISA MASTER MAESTRO DEBIT CARD,77587902,130006023,201307170022469,9350,2013-07-18
771,990,VISA MASTER MAESTRO DEBIT CARD,77589443,130006024,201307170025927,31850,2013-07-18
772,990,VISA MASTER MAESTRO DEBIT CARD,77597598,130006034,201307170043531,3000,2013-07-18
773,990,VISA MASTER MAESTRO DEBIT CARD,77600687,130006038,201307170048921,31850,2013-07-18
774,990,VISA MASTER MAESTRO DEBIT CARD,77602078,130006039,201307170052534,6850,2013-07-18
775,990,VISA MASTER MAESTRO DEBIT CARD,77606288,130006044,201307170063083,6850,2013-07-18
776,990,VISA MASTER MAESTRO DEBIT CARD,77613679,130006055,201307170082407,3350,2013-07-18
777,990,VISA MASTER MAESTRO DEBIT CARD,77622462,130006066,201307170108083,9350,2013-07-18
778,990,VISA MASTER MAESTRO DEBIT CARD,77624188,130006068,201307170113380,6850,2013-07-18
779,990,VISA MASTER MAESTRO DEBIT CARD,77625631,130006072,201307170117697,31850,2013-07-18
780,990,VISA MASTER MAESTRO DEBIT CARD,77645411,130006101,201307170181303,31850,2013-07-18
781,990,VISA MASTER MAESTRO DEBIT CARD,76905152,130004756,201307118869671,9350,2013-07-19
782,990,VISA MASTER MAESTRO DEBIT CARD,76905188,130004757,201307118869831,9350,2013-07-19
783,990,VISA MASTER MAESTRO DEBIT CARD,77648977,130006105,201307170195098,6850,2013-07-19
784,990,VISA MASTER MAESTRO DEBIT CARD,77650542,130006110,201307180200292,6850,2013-07-19
785,990,VISA MASTER MAESTRO DEBIT CARD,77657829,130006122,201307180222865,6850,2013-07-19
786,990,VISA MASTER MAESTRO DEBIT CARD,77661815,130006129,201307180230965,31850,2013-07-19
787,990,VISA MASTER MAESTRO DEBIT CARD,77663499,130006133,201307180235026,32311,2013-07-19
788,990,VISA MASTER MAESTRO DEBIT CARD,77665225,130006139,201307180238489,6850,2013-07-19
789,990,VISA MASTER MAESTRO DEBIT CARD,77668766,130006144,201307180245895,9350,2013-07-19
790,990,VISA MASTER MAESTRO DEBIT CARD,77668941,130006146,201307180245768,21850,2013-07-19
791,990,VISA MASTER MAESTRO DEBIT CARD,77669297,130006147,201307180246300,31850,2013-07-19
792,990,VISA MASTER MAESTRO DEBIT CARD,77675180,130006151,201307180261452,3000,2013-07-19
793,990,VISA MASTER MAESTRO DEBIT CARD,77684189,130006176,201307180286577,31850,2013-07-19
794,990,VISA MASTER MAESTRO DEBIT CARD,77699475,130006183,201307180332450,9350,2013-07-19
795,990,VISA MASTER MAESTRO DEBIT CARD,77699879,130006184,201307180334446,31850,2013-07-19
796,990,VISA MASTER MAESTRO DEBIT CARD,77714194,130006188,201307180375109,11850,2013-07-19
797,990,VISA MASTER MAESTRO DEBIT CARD,77724404,130006214,201307180408943,31850,2013-07-19
798,990,VISA MASTER MAESTRO DEBIT CARD,77729137,130006218,201307180426113,31850,2013-07-19
799,990,VISA MASTER MAESTRO DEBIT CARD,77662276,130006130,201307180233961,32311,2013-07-20
800,990,VISA MASTER MAESTRO DEBIT CARD,77732856,130006224,201307190440962,9850,2013-07-20
801,990,VISA MASTER MAESTRO DEBIT CARD,77734150,130006226,201307190445490,3350,2013-07-20
802,990,VISA MASTER MAESTRO DEBIT CARD,77738747,130006239,201307190460783,32109,2013-07-20
803,990,VISA MASTER MAESTRO DEBIT CARD,77740953,130006246,201307190467905,31850,2013-07-20
804,990,VISA MASTER MAESTRO DEBIT CARD,77744406,130006252,201307190479065,31850,2013-07-20
805,990,VISA MASTER MAESTRO DEBIT CARD,77746308,130006258,201307190484206,6850,2013-07-20
806,990,VISA MASTER MAESTRO DEBIT CARD,77753145,130006273,201307190502837,6850,2013-07-20
807,990,VISA MASTER MAESTRO DEBIT CARD,77753794,130006275,201307190503768,11850,2013-07-20
808,990,VISA MASTER MAESTRO DEBIT CARD,77755244,130006276,201307190507359,11850,2013-07-20
809,990,VISA MASTER MAESTRO DEBIT CARD,77755245,130006277,201307190507148,6850,2013-07-20
810,990,VISA MASTER MAESTRO DEBIT CARD,77759667,130006280,201307190520613,3350,2013-07-20
811,990,VISA MASTER MAESTRO DEBIT CARD,77760657,130006282,201307190523556,32009,2013-07-20
812,990,VISA MASTER MAESTRO DEBIT CARD,77763914,130006289,201307190534556,31850,2013-07-20
813,990,VISA MASTER MAESTRO DEBIT CARD,77768828,130006297,201307190546869,9350,2013-07-20
814,990,VISA MASTER MAESTRO DEBIT CARD,77772458,130006301,201307190558237,32031,2013-07-20
815,990,VISA MASTER MAESTRO DEBIT CARD,77774316,130006305,201307190563933,9350,2013-07-20
816,990,VISA MASTER MAESTRO DEBIT CARD,77776809,130006307,201307190570931,31850,2013-07-20
817,990,VISA MASTER MAESTRO DEBIT CARD,77780499,130006313,201307190581415,9350,2013-07-20
818,990,VISA MASTER MAESTRO DEBIT CARD,77790959,130006327,201307190613484,6850,2013-07-20
819,990,VISA MASTER MAESTRO DEBIT CARD,77791114,130006329,201307190613953,6850,2013-07-20
820,990,VISA MASTER MAESTRO DEBIT CARD,77793243,130006333,201307190620839,31850,2013-07-20
821,990,VISA MASTER MAESTRO DEBIT CARD,77799091,130006348,201307190641891,32367,2013-07-20
822,990,VISA MASTER MAESTRO DEBIT CARD,77802463,130006351,201307190655309,11850,2013-07-20
823,990,VISA MASTER MAESTRO DEBIT CARD,77804092,130006357,201307190661924,31850,2013-07-20
824,990,VISA MASTER MAESTRO DEBIT CARD,77751855,130006268,201307190501470,31850,2013-07-22
825,990,VISA MASTER MAESTRO DEBIT CARD,77766176,130006293,201307190542590,6850,2013-07-22
826,990,VISA MASTER MAESTRO DEBIT CARD,77818198,130006389,201307200712955,9350,2013-07-22
827,990,VISA MASTER MAESTRO DEBIT CARD,77818657,130006390,201307200714166,9350,2013-07-22
828,990,VISA MASTER MAESTRO DEBIT CARD,77818856,130006392,201307200714690,32111,2013-07-22
829,990,VISA MASTER MAESTRO DEBIT CARD,77821217,130006398,201307200720921,11850,2013-07-22
830,990,VISA MASTER MAESTRO DEBIT CARD,77828916,130006415,201307200745902,6850,2013-07-22
831,990,VISA MASTER MAESTRO DEBIT CARD,77829888,130006416,201307200747200,31850,2013-07-22
832,990,VISA MASTER MAESTRO DEBIT CARD,77832995,130006420,201307200755287,6850,2013-07-22
833,990,VISA MASTER MAESTRO DEBIT CARD,77835486,130006428,201307200765929,31850,2013-07-22
834,990,VISA MASTER MAESTRO DEBIT CARD,77835641,130006429,201307200763517,31850,2013-07-22
835,990,VISA MASTER MAESTRO DEBIT CARD,77840516,130006432,201307200777270,11850,2013-07-22
836,990,VISA MASTER MAESTRO DEBIT CARD,77842261,130006434,201307200784327,31850,2013-07-22
837,990,VISA MASTER MAESTRO DEBIT CARD,77843882,130006436,201307200789394,11850,2013-07-22
838,990,VISA MASTER MAESTRO DEBIT CARD,77843888,130006437,201307200789306,31850,2013-07-22
839,990,VISA MASTER MAESTRO DEBIT CARD,77856898,130006445,201307200831610,31850,2013-07-22
840,990,VISA MASTER MAESTRO DEBIT CARD,77871617,130006454,201307200880523,3350,2013-07-22
841,990,VISA MASTER MAESTRO DEBIT CARD,77873468,130006459,201307200888746,6850,2013-07-22
842,990,VISA MASTER MAESTRO DEBIT CARD,77874471,130006461,201307200890722,32154,2013-07-22
843,990,VISA MASTER MAESTRO DEBIT CARD,77877902,130006468,201307200905967,7005,2013-07-22
844,990,VISA MASTER MAESTRO DEBIT CARD,77882314,130006479,201307200924169,6850,2013-07-22
845,990,VISA MASTER MAESTRO DEBIT CARD,77882907,130006483,201307200925995,11850,2013-07-22
846,990,VISA MASTER MAESTRO DEBIT CARD,77883384,130006485,201307200928295,6850,2013-07-22
847,990,VISA MASTER MAESTRO DEBIT CARD,77894215,130006499,201307210975426,31850,2013-07-22
848,990,VISA MASTER MAESTRO DEBIT CARD,77894920,130006501,201307210978816,6850,2013-07-22
849,990,VISA MASTER MAESTRO DEBIT CARD,77902369,130006513,201307211007310,9850,2013-07-22
850,990,VISA MASTER MAESTRO DEBIT CARD,77912259,130006524,201307211043900,31850,2013-07-22
851,990,VISA MASTER MAESTRO DEBIT CARD,77914102,130006528,201307211053810,7282,2013-07-22
852,990,VISA MASTER MAESTRO DEBIT CARD,77916128,130006532,201307211060872,6850,2013-07-22
853,990,VISA MASTER MAESTRO DEBIT CARD,77924842,130006547,201307211097887,31850,2013-07-22
854,990,VISA MASTER MAESTRO DEBIT CARD,77926459,130006552,201307211105095,31850,2013-07-22
855,990,VISA MASTER MAESTRO DEBIT CARD,77926751,130006553,201307211105701,31850,2013-07-22
856,990,VISA MASTER MAESTRO DEBIT CARD,77927190,130006557,201307211106461,6850,2013-07-22
857,990,VISA MASTER MAESTRO DEBIT CARD,77927528,130006561,201307211107778,32011,2013-07-22
858,990,VISA MASTER MAESTRO DEBIT CARD,77927932,130006564,201307211110655,6850,2013-07-22
859,990,VISA MASTER MAESTRO DEBIT CARD,77937258,130006582,201307211150858,32242,2013-07-22
860,990,VISA MASTER MAESTRO DEBIT CARD,77938966,130006585,201307211156095,6850,2013-07-22
861,990,VISA MASTER MAESTRO DEBIT CARD,77939760,130006592,201307211160025,6850,2013-07-22
862,990,VISA MASTER MAESTRO DEBIT CARD,77940934,130006594,201307211164634,6850,2013-07-22
863,990,VISA MASTER MAESTRO DEBIT CARD,77827952,130006413,201307200744542,31850,2013-07-23
864,990,VISA MASTER MAESTRO DEBIT CARD,77898004,130006508,201307210993267,31850,2013-07-23
865,990,VISA MASTER MAESTRO DEBIT CARD,77921796,130006539,201307211088949,31850,2013-07-23
866,990,VISA MASTER MAESTRO DEBIT CARD,77943267,130006599,201307221181285,6850,2013-07-23
867,990,VISA MASTER MAESTRO DEBIT CARD,77944428,130006603,201307221196148,210,2013-07-23
868,990,VISA MASTER MAESTRO DEBIT CARD,77944567,130006605,201307221196624,7038,2013-07-23
869,990,VISA MASTER MAESTRO DEBIT CARD,77948475,130006618,201307221210000,6850,2013-07-23
870,990,VISA MASTER MAESTRO DEBIT CARD,77948770,130006622,201307221211063,192,2013-07-23
871,990,VISA MASTER MAESTRO DEBIT CARD,77950166,130006632,201307221215339,6850,2013-07-23
872,990,VISA MASTER MAESTRO DEBIT CARD,77951229,130006643,201307221218163,31850,2013-07-23
873,990,VISA MASTER MAESTRO DEBIT CARD,77951827,130006646,201307221219752,31850,2013-07-23
874,990,VISA MASTER MAESTRO DEBIT CARD,77952965,130006659,201307221222236,6850,2013-07-23
875,990,VISA MASTER MAESTRO DEBIT CARD,77958928,130006689,201307221238757,31850,2013-07-23
876,990,VISA MASTER MAESTRO DEBIT CARD,77959670,130006694,201307221241440,31850,2013-07-23
877,990,VISA MASTER MAESTRO DEBIT CARD,77960021,130006698,201307221241634,6850,2013-07-23
878,990,VISA MASTER MAESTRO DEBIT CARD,77961097,130006709,201307221244821,6850,2013-07-23
879,990,VISA MASTER MAESTRO DEBIT CARD,77962269,130006721,201307221246776,31850,2013-07-23
880,990,VISA MASTER MAESTRO DEBIT CARD,77962999,130006722,201307221247814,6850,2013-07-23
881,990,VISA MASTER MAESTRO DEBIT CARD,77963631,130006725,201307221250671,31850,2013-07-23
882,990,VISA MASTER MAESTRO DEBIT CARD,77966033,130006738,201307221255861,6850,2013-07-23
883,990,VISA MASTER MAESTRO DEBIT CARD,77967829,130006747,201307221258494,9350,2013-07-23
884,990,VISA MASTER MAESTRO DEBIT CARD,77968437,130006750,201307221260989,11850,2013-07-23
885,990,VISA MASTER MAESTRO DEBIT CARD,77968531,130006751,201307221262276,7260,2013-07-23
886,990,VISA MASTER MAESTRO DEBIT CARD,77969147,130006755,201307221263844,3000,2013-07-23
887,990,VISA MASTER MAESTRO DEBIT CARD,77972219,130006771,201307221269995,6850,2013-07-23
888,990,VISA MASTER MAESTRO DEBIT CARD,77973096,130006776,201307221272839,31850,2013-07-23
889,990,VISA MASTER MAESTRO DEBIT CARD,77973290,130006777,201307221273196,32227,2013-07-23
890,990,VISA MASTER MAESTRO DEBIT CARD,77974070,130006782,201307221274277,31850,2013-07-23
891,990,VISA MASTER MAESTRO DEBIT CARD,77974943,130006786,201307221276962,6850,2013-07-23
892,990,VISA MASTER MAESTRO DEBIT CARD,77976458,130006789,201307221281739,6850,2013-07-23
893,990,VISA MASTER MAESTRO DEBIT CARD,77979067,130006796,201307221289326,32154,2013-07-23
894,990,VISA MASTER MAESTRO DEBIT CARD,77979719,130006802,201307221291593,31850,2013-07-23
895,990,VISA MASTER MAESTRO DEBIT CARD,77981711,130006823,201307221298392,31850,2013-07-23
896,990,VISA MASTER MAESTRO DEBIT CARD,77983145,130006833,201307221301244,31850,2013-07-23
897,990,VISA MASTER MAESTRO DEBIT CARD,77983275,130006835,201307221301651,11850,2013-07-23
898,990,VISA MASTER MAESTRO DEBIT CARD,77985576,130006855,201307221310344,32268,2013-07-23
899,990,VISA MASTER MAESTRO DEBIT CARD,77987275,130006862,201307221317262,31850,2013-07-23
900,990,VISA MASTER MAESTRO DEBIT CARD,77990807,130006884,201307221329267,31850,2013-07-23
901,990,VISA MASTER MAESTRO DEBIT CARD,77991950,130006887,201307221332676,7175,2013-07-23
902,990,VISA MASTER MAESTRO DEBIT CARD,77992634,130006893,201307221332567,31850,2013-07-23
903,990,VISA MASTER MAESTRO DEBIT CARD,77993517,130006897,201307221334942,7004,2013-07-23
904,990,VISA MASTER MAESTRO DEBIT CARD,78015344,130006928,201307221402779,9350,2013-07-23
905,990,VISA MASTER MAESTRO DEBIT CARD,78021933,130006939,201307221423787,6850,2013-07-23
906,990,VISA MASTER MAESTRO DEBIT CARD,78025131,130006943,201307221437835,6850,2013-07-23
907,990,VISA MASTER MAESTRO DEBIT CARD,78027954,130006947,201307221447768,9850,2013-07-23
908,990,VISA MASTER MAESTRO DEBIT CARD,77949445,130006627,201307221215213,31850,2013-07-24
909,990,VISA MASTER MAESTRO DEBIT CARD,77952508,130006653,201307221221264,6850,2013-07-24
910,990,VISA MASTER MAESTRO DEBIT CARD,77952534,130006654,201307221221792,6850,2013-07-24
911,990,VISA MASTER MAESTRO DEBIT CARD,77969665,130006759,201307221265128,6850,2013-07-24
912,990,VISA MASTER MAESTRO DEBIT CARD,77982292,130006826,201307221299675,31850,2013-07-24
913,990,VISA MASTER MAESTRO DEBIT CARD,78040850,130006963,201307231495542,31850,2013-07-24
914,990,VISA MASTER MAESTRO DEBIT CARD,78041454,130006965,201307231498620,31850,2013-07-24
915,990,VISA MASTER MAESTRO DEBIT CARD,78044625,130006968,201307231509601,6850,2013-07-24
916,990,VISA MASTER MAESTRO DEBIT CARD,78046493,130006971,201307231515533,31850,2013-07-24
917,990,VISA MASTER MAESTRO DEBIT CARD,78050357,130006980,201307231527302,31850,2013-07-24
918,990,VISA MASTER MAESTRO DEBIT CARD,78058343,130007002,201307231548098,31850,2013-07-24
919,990,VISA MASTER MAESTRO DEBIT CARD,78062055,130007010,201307231556348,6850,2013-07-24
920,990,VISA MASTER MAESTRO DEBIT CARD,78065442,130007012,201307231566538,31850,2013-07-24
921,990,VISA MASTER MAESTRO DEBIT CARD,78070537,130007017,201307231581480,9350,2013-07-24
922,990,VISA MASTER MAESTRO DEBIT CARD,78072815,130007020,201307231590279,31850,2013-07-24
923,990,VISA MASTER MAESTRO DEBIT CARD,78097452,130007042,201307231670634,31850,2013-07-24
924,990,VISA MASTER MAESTRO DEBIT CARD,78099781,130007047,201307231679689,6850,2013-07-24
925,990,VISA MASTER MAESTRO DEBIT CARD,78104992,130007052,201307231698036,6850,2013-07-24
926,990,VISA MASTER MAESTRO DEBIT CARD,78122942,130007072,201307241757506,9350,2013-07-25
927,990,VISA MASTER MAESTRO DEBIT CARD,78123475,130007074,201307241759236,161,2013-07-25
928,990,VISA MASTER MAESTRO DEBIT CARD,78134545,130007093,201307241789292,11850,2013-07-25
929,990,VISA MASTER MAESTRO DEBIT CARD,78136645,130007097,201307241794100,31850,2013-07-25
930,990,VISA MASTER MAESTRO DEBIT CARD,78137291,130007099,201307241797042,9350,2013-07-25
931,990,VISA MASTER MAESTRO DEBIT CARD,78154584,130007122,201307241845178,32008,2013-07-25
932,990,VISA MASTER MAESTRO DEBIT CARD,78157084,130007123,201307241850388,157,2013-07-25
933,990,VISA MASTER MAESTRO DEBIT CARD,78165059,130007131,201307241870969,31850,2013-07-25
934,990,VISA MASTER MAESTRO DEBIT CARD,78168065,130007132,201307241879399,3000,2013-07-25
935,990,VISA MASTER MAESTRO DEBIT CARD,78171257,130007138,201307241888158,6850,2013-07-25
936,990,VISA MASTER MAESTRO DEBIT CARD,78182063,130007150,201307241921872,31850,2013-07-25
937,990,VISA MASTER MAESTRO DEBIT CARD,78169357,130007134,201307241885647,6850,2013-07-26
938,990,VISA MASTER MAESTRO DEBIT CARD,78196118,130007164,201307251970764,6850,2013-07-26
939,990,VISA MASTER MAESTRO DEBIT CARD,78198256,130007167,201307251976666,31850,2013-07-26
940,990,VISA MASTER MAESTRO DEBIT CARD,78198348,130007169,201307251977141,31850,2013-07-26
941,990,VISA MASTER MAESTRO DEBIT CARD,78201030,130007175,201307251984751,31850,2013-07-26
942,990,VISA MASTER MAESTRO DEBIT CARD,78205932,130007181,201307251996442,3350,2013-07-26
943,990,VISA MASTER MAESTRO DEBIT CARD,78209564,130007188,201307252004962,231,2013-07-26
944,990,VISA MASTER MAESTRO DEBIT CARD,78212114,130007190,201307252010497,32078,2013-07-26
945,990,VISA MASTER MAESTRO DEBIT CARD,78217623,130007201,201307252021947,31850,2013-07-26
946,990,VISA MASTER MAESTRO DEBIT CARD,78224334,130007209,201307252040531,6850,2013-07-26
947,990,VISA MASTER MAESTRO DEBIT CARD,78226045,130007213,201307252045401,11850,2013-07-26
948,990,VISA MASTER MAESTRO DEBIT CARD,78242862,130007226,201307252094499,11850,2013-07-26
949,990,VISA MASTER MAESTRO DEBIT CARD,78247928,130007229,201307252103399,11850,2013-07-26
950,990,VISA MASTER MAESTRO DEBIT CARD,78251678,130007231,201307252111436,6850,2013-07-26
951,990,VISA MASTER MAESTRO DEBIT CARD,78252032,130007232,201307252112262,9850,2013-07-26
952,990,VISA MASTER MAESTRO DEBIT CARD,78259655,130007236,201307252132774,31850,2013-07-26
953,990,VISA MASTER MAESTRO DEBIT CARD,78267328,130007241,201307252149579,32400,2013-07-26
954,990,VISA MASTER MAESTRO DEBIT CARD,78268526,130007242,201307252152824,31850,2013-07-26
955,990,VISA MASTER MAESTRO DEBIT CARD,78271559,130007244,201307252163249,11850,2013-07-26
956,990,VISA MASTER MAESTRO DEBIT CARD,78212449,130007193,201307252013408,9657,2013-07-27
957,990,VISA MASTER MAESTRO DEBIT CARD,78281965,130007249,201307262196225,9350,2013-07-27
958,990,VISA MASTER MAESTRO DEBIT CARD,78285138,130007254,201307262211094,31850,2013-07-27
959,990,VISA MASTER MAESTRO DEBIT CARD,78292199,130007267,201307262228563,4434,2013-07-27
960,990,VISA MASTER MAESTRO DEBIT CARD,78297508,130007273,201307262242214,9350,2013-07-27
961,990,VISA MASTER MAESTRO DEBIT CARD,78297965,130007276,201307262243312,6850,2013-07-27
962,990,VISA MASTER MAESTRO DEBIT CARD,78297972,130007277,201307262242979,11850,2013-07-27
963,990,VISA MASTER MAESTRO DEBIT CARD,78300159,130007281,201307262249952,3350,2013-07-27
964,990,VISA MASTER MAESTRO DEBIT CARD,78307556,130007292,201307262269740,31850,2013-07-27
965,990,VISA MASTER MAESTRO DEBIT CARD,78309703,130007295,201307262275760,31850,2013-07-27
966,990,VISA MASTER MAESTRO DEBIT CARD,78313639,130007302,201307262288055,6850,2013-07-27
967,990,VISA MASTER MAESTRO DEBIT CARD,78317819,130007311,201307262299906,31850,2013-07-27
968,990,VISA MASTER MAESTRO DEBIT CARD,78318175,130007312,201307262300779,9350,2013-07-27
969,990,VISA MASTER MAESTRO DEBIT CARD,78318299,130007313,201307262300736,31850,2013-07-27
970,990,VISA MASTER MAESTRO DEBIT CARD,78324852,130007326,201307262320110,6850,2013-07-27
971,990,VISA MASTER MAESTRO DEBIT CARD,78327216,130007328,201307262327000,9350,2013-07-27
972,990,VISA MASTER MAESTRO DEBIT CARD,78327975,130007329,201307262328764,9350,2013-07-27
973,990,VISA MASTER MAESTRO DEBIT CARD,78330097,130007334,201307262333658,31850,2013-07-27
974,990,VISA MASTER MAESTRO DEBIT CARD,78344125,130007340,201307262367085,31850,2013-07-27
975,990,VISA MASTER MAESTRO DEBIT CARD,78345353,130007345,201307262370789,31850,2013-07-27
976,990,VISA MASTER MAESTRO DEBIT CARD,78362619,130007361,201307272431204,6850,2013-07-29
977,990,VISA MASTER MAESTRO DEBIT CARD,78363808,130007362,201307272439684,31850,2013-07-29
978,990,VISA MASTER MAESTRO DEBIT CARD,78364062,130007364,201307272441077,31850,2013-07-29
979,990,VISA MASTER MAESTRO DEBIT CARD,78374272,130007378,201307272473921,7076,2013-07-29
980,990,VISA MASTER MAESTRO DEBIT CARD,78378705,130007386,201307272487094,195,2013-07-29
981,990,VISA MASTER MAESTRO DEBIT CARD,78388344,130007401,201307272513333,3350,2013-07-29
982,990,VISA MASTER MAESTRO DEBIT CARD,78397235,130007404,201307272540816,12038,2013-07-29
983,990,VISA MASTER MAESTRO DEBIT CARD,78403141,130007408,201307272560226,31850,2013-07-29
984,990,VISA MASTER MAESTRO DEBIT CARD,78435165,130007438,201307282673391,31850,2013-07-29
985,990,VISA MASTER MAESTRO DEBIT CARD,78449045,130007451,201307282731927,32072,2013-07-29
986,990,VISA MASTER MAESTRO DEBIT CARD,78453311,130007454,201307282749290,32028,2013-07-29
987,990,VISA MASTER MAESTRO DEBIT CARD,78454203,130007455,201307282752893,31850,2013-07-29
988,990,VISA MASTER MAESTRO DEBIT CARD,78461106,130007468,201307282780784,7150,2013-07-29
989,990,VISA MASTER MAESTRO DEBIT CARD,78473678,130007492,201307282839590,31850,2013-07-29
990,990,VISA MASTER MAESTRO DEBIT CARD,78484990,130007519,201307292889881,7045,2013-07-30
991,990,VISA MASTER MAESTRO DEBIT CARD,78485900,130007522,201307292894421,11850,2013-07-30
992,990,VISA MASTER MAESTRO DEBIT CARD,78489996,130007537,201307292910442,31850,2013-07-30
993,990,VISA MASTER MAESTRO DEBIT CARD,78490889,130007542,201307292914304,6850,2013-07-30
994,990,VISA MASTER MAESTRO DEBIT CARD,78496612,130007587,201307292929188,31850,2013-07-30
995,990,VISA MASTER MAESTRO DEBIT CARD,78496804,130007590,201307292929991,6850,2013-07-30
996,990,VISA MASTER MAESTRO DEBIT CARD,78497300,130007593,201307292931219,6850,2013-07-30
997,990,VISA MASTER MAESTRO DEBIT CARD,78497557,130007595,201307292931545,215,2013-07-30
998,990,VISA MASTER MAESTRO DEBIT CARD,78501043,130007612,201307292942404,3350,2013-07-30
999,990,VISA MASTER MAESTRO DEBIT CARD,78501553,130007614,201307292942308,6850,2013-07-30
1000,990,VISA MASTER MAESTRO DEBIT CARD,78513423,130007652,201307292972970,31850,2013-07-30
1001,990,VISA MASTER MAESTRO DEBIT CARD,78517016,130007655,201307292983114,3350,2013-07-30
1002,990,VISA MASTER MAESTRO DEBIT CARD,78520226,130007663,201307292992573,31850,2013-07-30
1003,990,VISA MASTER MAESTRO DEBIT CARD,78525762,130007670,201307293011160,7012,2013-07-30
1004,990,VISA MASTER MAESTRO DEBIT CARD,78531688,130007675,201307293031062,31850,2013-07-30
1005,990,VISA MASTER MAESTRO DEBIT CARD,78533847,130007678,201307293039164,31850,2013-07-30
1006,990,VISA MASTER MAESTRO DEBIT CARD,78508057,130007639,201307292960994,31850,2013-07-31
