/*
SQLyog Community Edition- MySQL GUI v5.20
Host - 5.0.24-community-nt : Database - academic_section
*********************************************************************
Server version : 5.0.24-community-nt
*/

SET NAMES utf8;

SET SQL_MODE='';

create database if not exists `academic_section`;

USE `academic_section`;

SET @OLD_FOREIGN_KEY_CHECKS=@@FOREIGN_KEY_CHECKS, FOREIGN_KEY_CHECKS=0;
SET @OLD_SQL_MODE=@@SQL_MODE, SQL_MODE='NO_AUTO_VALUE_ON_ZERO';

/*Table structure for table `core_course_curriculum` */

DROP TABLE IF EXISTS `core_course_curriculum`;

CREATE TABLE `core_course_curriculum` (
  `course_id` int(10) unsigned NOT NULL,
  `programme_id` int(10) unsigned NOT NULL,
  `department_id` int(10) unsigned NOT NULL,
  `proposed_semester` int(10) unsigned NOT NULL,
  `start_date` date NOT NULL,
  `end_date` date NOT NULL,
  PRIMARY KEY  (`course_id`,`programme_id`,`department_id`,`start_date`,`end_date`),
  KEY `programme_id` (`programme_id`),
  KEY `department_id` (`department_id`),
  CONSTRAINT `core_course_curriculum_ibfk_1` FOREIGN KEY (`course_id`) REFERENCES `course_record` (`course_id`) ON DELETE CASCADE ON UPDATE CASCADE,
  CONSTRAINT `core_course_curriculum_ibfk_2` FOREIGN KEY (`programme_id`) REFERENCES `programme_record` (`programme_id`) ON DELETE CASCADE ON UPDATE CASCADE,
  CONSTRAINT `core_course_curriculum_ibfk_3` FOREIGN KEY (`department_id`) REFERENCES `department_record` (`department_id`) ON DELETE CASCADE ON UPDATE CASCADE
) ENGINE=InnoDB DEFAULT CHARSET=latin1;

/*Data for the table `core_course_curriculum` */

insert  into `core_course_curriculum`(`course_id`,`programme_id`,`department_id`,`proposed_semester`,`start_date`,`end_date`) values (2,1,1,2,'1994-07-25','1000-01-01'),(2,1,2,2,'2006-11-08','1000-01-01'),(2,1,3,2,'2006-11-08','1000-01-01'),(2,1,4,2,'2006-11-08','1000-01-01'),(2,1,6,2,'2006-11-08','1000-01-01'),(2,7,5,2,'2006-11-08','1000-01-01'),(3,1,1,2,'2006-11-08','1000-01-01'),(3,1,2,2,'2006-11-08','1000-01-01'),(3,1,3,2,'2006-11-08','1000-01-01'),(3,1,4,2,'2006-11-08','1000-01-01'),(3,1,6,2,'2006-11-08','1000-01-01'),(3,7,5,2,'2006-11-08','1000-01-01'),(4,1,1,2,'2006-11-08','1000-01-01'),(4,1,2,2,'2006-11-08','1000-01-01'),(4,1,3,2,'2006-11-08','1000-01-01'),(4,1,4,2,'2006-11-08','1000-01-01'),(4,1,6,2,'2006-11-08','1000-01-01'),(4,7,5,2,'2006-11-08','1000-01-01'),(5,1,1,2,'2006-11-08','1000-01-01'),(5,1,2,2,'2006-11-08','1000-01-01'),(5,1,3,2,'2006-11-08','1000-01-01'),(5,1,4,2,'2006-11-08','1000-01-01'),(5,1,6,2,'2006-11-08','1000-01-01'),(5,7,5,2,'2006-11-08','1000-01-01'),(6,1,1,2,'2006-11-08','1000-01-01'),(6,1,2,2,'2006-11-08','1000-01-01'),(6,1,3,2,'2006-11-08','1000-01-01'),(6,1,4,2,'2006-11-08','1000-01-01'),(6,1,6,2,'2006-11-08','1000-01-01'),(6,7,5,2,'2006-11-08','1000-01-01'),(7,1,1,2,'2006-11-08','1000-01-01'),(7,1,2,2,'2006-11-08','1000-01-01'),(7,1,3,2,'2006-11-08','1000-01-01'),(7,1,4,2,'2006-11-08','1000-01-01'),(7,1,6,2,'2006-11-08','1000-01-01'),(7,7,5,2,'2006-11-08','1000-01-01'),(8,1,1,2,'2006-11-08','1000-01-01'),(8,1,2,2,'2006-11-08','1000-01-01'),(8,1,3,2,'2006-11-08','1000-01-01'),(8,1,4,2,'2006-11-08','1000-01-01'),(8,1,6,2,'2006-11-08','1000-01-01'),(8,7,5,2,'2006-11-08','1000-01-01'),(9,1,1,2,'2006-11-08','1000-01-01'),(9,1,2,2,'2006-11-08','1000-01-01'),(9,1,3,2,'2006-11-08','1000-01-01'),(9,1,4,2,'2006-11-08','1000-01-01'),(9,1,6,2,'2006-11-08','1000-01-01'),(9,7,5,2,'2006-11-08','1000-01-01'),(10,1,1,4,'2006-11-08','1000-01-01'),(11,1,1,4,'2006-11-08','1000-01-01'),(12,1,1,4,'2006-11-08','1000-01-01'),(13,1,1,4,'2006-11-08','1000-01-01'),(14,1,1,4,'2006-11-08','1000-01-01'),(15,1,1,4,'2006-11-08','1000-01-01'),(16,1,1,6,'2006-11-08','1000-01-01'),(16,4,8,4,'2006-11-16','1000-01-01'),(17,1,1,6,'2006-11-08','1000-01-01'),(18,1,1,6,'2006-11-08','1000-01-01'),(19,1,1,6,'2006-11-08','1000-01-01'),(20,1,1,6,'2006-11-08','1000-01-01'),(21,1,1,6,'2006-11-08','1000-01-01'),(22,1,1,8,'2006-11-08','1000-01-01'),(23,1,2,4,'2006-11-08','1000-01-01'),(24,1,2,4,'2006-11-08','1000-01-01'),(25,1,2,4,'2006-11-08','1000-01-01'),(26,1,2,4,'2006-11-08','1000-01-01'),(27,1,2,4,'2006-11-08','1000-01-01'),(28,1,2,6,'2006-11-08','1000-01-01'),(29,1,2,6,'2006-11-08','1000-01-01'),(30,1,2,6,'2006-11-08','1000-01-01'),(31,1,2,6,'2006-11-08','1000-01-01'),(32,1,2,6,'2006-11-08','1000-01-01'),(33,1,2,6,'2006-11-08','1000-01-01'),(34,1,2,8,'2006-11-08','1000-01-01'),(35,1,3,4,'2006-11-08','1000-01-01'),(36,1,3,4,'2006-11-08','1000-01-01'),(37,1,3,4,'2006-11-08','1000-01-01'),(38,1,3,4,'2006-11-08','1000-01-01'),(39,1,3,4,'2006-11-08','1000-01-01'),(39,7,5,4,'2006-11-08','1000-01-01'),(40,1,3,4,'2006-11-08','1000-01-01'),(41,1,3,6,'2006-11-08','1000-01-01'),(43,1,3,6,'2006-11-08','1000-01-01'),(44,1,3,6,'2006-11-08','1000-01-01'),(45,1,3,6,'2006-11-08','1000-01-01'),(46,1,3,6,'2006-11-08','1000-01-01'),(47,1,3,8,'2006-11-08','1000-01-01'),(48,1,4,4,'2006-11-08','1000-01-01'),(49,1,4,4,'2006-11-08','1000-01-01'),(50,1,4,4,'2006-11-08','1000-01-01'),(51,1,4,4,'2006-11-08','1000-01-01'),(52,1,4,6,'2006-11-08','1000-01-01'),(53,1,4,6,'2006-11-08','1000-01-01'),(54,1,4,6,'2006-11-08','1000-01-01'),(55,1,4,6,'2006-11-08','1000-01-01'),(56,1,4,6,'2006-11-08','1000-01-01'),(58,1,4,8,'2006-11-08','1000-01-01'),(59,7,5,4,'2006-11-08','1000-01-01'),(60,7,5,4,'2006-11-08','1000-01-01'),(61,7,5,4,'2006-11-08','1000-01-01'),(62,7,5,4,'2006-11-08','1000-01-01'),(63,7,5,4,'2006-11-08','1000-01-01'),(64,7,5,6,'2006-11-08','1000-01-01'),(65,7,5,6,'2006-11-08','1000-01-01'),(66,7,5,6,'2006-11-08','1000-01-01'),(67,7,5,8,'2006-11-08','1000-01-01'),(68,7,5,8,'2006-11-08','1000-01-01'),(69,7,5,8,'2006-11-08','1000-01-01'),(70,1,6,4,'2006-11-08','1000-01-01'),(71,1,6,4,'2006-11-08','1000-01-01'),(72,1,6,4,'2006-11-08','1000-01-01'),(73,1,6,4,'2006-11-08','1000-01-01'),(74,1,6,4,'2006-11-08','1000-01-01'),(75,1,6,4,'2006-11-08','1000-01-01'),(76,1,6,6,'2006-11-08','1000-01-01'),(77,1,6,6,'2006-11-08','1000-01-01'),(78,1,6,6,'2006-11-08','1000-01-01'),(79,1,6,6,'2006-11-08','1000-01-01'),(80,1,6,6,'2006-11-08','1000-01-01'),(81,1,6,6,'2006-11-08','1000-01-01'),(82,1,6,8,'2006-11-08','1000-01-01'),(95,8,2,2,'2006-11-15','1000-01-01'),(95,9,2,2,'2006-11-15','1000-01-01'),(96,9,2,2,'2006-11-15','1000-01-01'),(97,9,2,2,'2006-11-15','1000-01-01'),(98,8,2,2,'2006-11-15','1000-01-01'),(99,8,2,2,'2006-11-15','1000-01-01'),(100,8,2,2,'2006-11-15','1000-01-01'),(101,10,3,2,'2006-11-15','1000-01-01'),(102,10,3,2,'2006-11-15','1000-01-01'),(103,11,3,2,'2006-11-15','1000-01-01'),(104,11,3,2,'2006-11-15','1000-01-01'),(105,12,4,2,'2006-11-15','1000-01-01'),(106,12,4,2,'2006-11-15','1000-01-01'),(107,13,4,2,'2006-11-15','1000-01-01'),(108,13,4,2,'2006-11-15','1000-01-01'),(109,13,4,2,'2006-11-15','1000-01-01'),(110,14,4,2,'2006-11-15','1000-01-01'),(111,14,4,2,'2006-11-15','1000-01-01'),(112,15,7,2,'2006-11-15','1000-01-01'),(113,15,7,2,'2006-11-15','1000-01-01'),(114,15,7,2,'2006-11-15','1000-01-01'),(115,15,7,2,'2006-11-15','1000-01-01'),(116,1,3,6,'2006-11-08','1000-01-01'),(117,1,4,6,'2006-11-08','1000-01-01'),(124,4,9,4,'2006-11-16','1000-01-01'),(125,4,9,4,'2006-11-16','1000-01-01'),(131,4,10,4,'2006-11-16','1000-01-01'),(132,4,10,4,'2006-11-16','1000-01-01'),(140,4,8,4,'2006-11-16','1000-01-01'),(141,4,8,4,'2006-11-16','1000-01-01'),(142,4,8,4,'2006-11-16','1000-01-01'),(211,14,4,2,'2006-11-15','1000-01-01'),(214,6,10,4,'2006-11-16','1000-01-01'),(215,6,10,4,'2006-11-16','1000-01-01'),(216,6,10,4,'2006-11-16','1000-01-01'),(217,6,10,4,'2006-11-16','1000-01-01');

/*Table structure for table `course_backlog` */

DROP TABLE IF EXISTS `course_backlog`;

CREATE TABLE `course_backlog` (
  `student_id` int(10) unsigned NOT NULL,
  `course_id` int(10) unsigned NOT NULL,
  `course_type_id` int(10) unsigned NOT NULL,
  `proposed_semester` int(10) unsigned NOT NULL,
  PRIMARY KEY  (`student_id`,`course_id`),
  KEY `course_id` (`course_id`),
  KEY `course_type_id` (`course_type_id`),
  CONSTRAINT `course_backlog_ibfk_1` FOREIGN KEY (`student_id`) REFERENCES `main_student_record` (`student_id`) ON DELETE CASCADE ON UPDATE CASCADE,
  CONSTRAINT `course_backlog_ibfk_2` FOREIGN KEY (`course_id`) REFERENCES `course_record` (`course_id`) ON DELETE CASCADE ON UPDATE CASCADE,
  CONSTRAINT `course_backlog_ibfk_3` FOREIGN KEY (`course_type_id`) REFERENCES `course_type_record` (`course_type_id`) ON DELETE CASCADE ON UPDATE CASCADE
) ENGINE=InnoDB DEFAULT CHARSET=latin1;

/*Data for the table `course_backlog` */

/*Table structure for table `course_offerings` */

DROP TABLE IF EXISTS `course_offerings`;

CREATE TABLE `course_offerings` (
  `course_id` int(10) unsigned NOT NULL,
  `department_id` int(10) unsigned NOT NULL,
  `year` year(4) NOT NULL,
  `semester` int(10) unsigned NOT NULL,
  PRIMARY KEY  (`course_id`,`department_id`,`year`,`semester`),
  KEY `department_id` (`department_id`),
  CONSTRAINT `course_offerings_ibfk_1` FOREIGN KEY (`course_id`) REFERENCES `course_record` (`course_id`) ON DELETE CASCADE ON UPDATE CASCADE,
  CONSTRAINT `course_offerings_ibfk_2` FOREIGN KEY (`department_id`) REFERENCES `department_record` (`department_id`) ON DELETE CASCADE ON UPDATE CASCADE
) ENGINE=InnoDB DEFAULT CHARSET=latin1;

/*Data for the table `course_offerings` */

insert  into `course_offerings`(`course_id`,`department_id`,`year`,`semester`) values (2,6,2006,2),(3,1,2006,2),(4,1,2006,2),(5,2,2006,2),(6,8,2006,2),(7,3,2006,2),(8,9,2006,2),(9,9,2006,2),(10,1,2006,2),(11,1,2006,2),(12,1,2006,2),(13,1,2006,2),(14,1,2006,2),(15,8,2006,2),(16,1,2006,2),(17,1,2006,2),(18,1,2006,2),(19,1,2006,2),(20,1,2006,2),(21,1,2006,2),(22,1,2006,2),(23,2,2006,2),(24,2,2006,2),(25,2,2006,2),(26,2,2006,2),(27,2,2006,2),(28,2,2006,2),(29,2,2006,2),(30,2,2006,2),(31,2,2006,2),(32,2,2006,2),(33,2,2006,2),(34,2,2006,2),(35,3,2006,2),(36,3,2006,2),(37,3,2006,2),(38,3,2006,2),(39,3,2006,2),(40,3,2006,2),(41,3,2006,2),(43,3,2006,2),(44,3,2006,2),(45,3,2006,2),(46,3,2006,2),(47,3,2006,2),(48,4,2006,2),(49,4,2006,2),(50,4,2006,2),(51,4,2006,2),(52,4,2006,2),(53,4,2006,2),(54,4,2006,2),(55,4,2006,2),(56,4,2006,2),(58,4,2006,2),(59,5,2006,2),(60,5,2006,2),(61,5,2006,2),(62,5,2006,2),(63,5,2006,2),(64,5,2006,2),(65,5,2006,2),(66,5,2006,2),(67,5,2006,2),(68,5,2006,2),(69,5,2006,2),(70,7,2006,2),(71,7,2006,2),(72,6,2006,2),(73,6,2006,2),(74,6,2006,2),(75,6,2006,2),(76,6,2006,2),(77,6,2006,2),(78,6,2006,2),(79,6,2006,2),(80,6,2006,2),(81,6,2006,2),(82,6,2006,2),(83,2,2006,2),(84,7,2006,2),(85,7,2006,2),(86,7,2006,2),(87,7,2006,2),(88,7,2006,2),(89,7,2006,2),(90,7,2006,2),(91,7,2006,2),(92,7,2006,2),(93,7,2006,2),(94,7,2006,2),(95,2,2006,2),(96,2,2006,2),(97,2,2006,2),(98,2,2006,2),(99,2,2006,2),(100,2,2006,2),(101,3,2006,2),(102,3,2006,2),(103,3,2006,2),(104,3,2006,2),(105,4,2006,2),(106,4,2006,2),(107,4,2006,2),(108,4,2006,2),(109,4,2006,2),(110,4,2006,2),(111,4,2006,2),(112,7,2006,2),(113,7,2006,2),(114,7,2006,2),(115,7,2006,2),(116,3,2006,2),(117,4,2006,2),(118,9,2006,2),(119,9,2006,2),(120,9,2006,2),(121,9,2006,2),(122,9,2006,2),(123,9,2006,2),(124,9,2006,2),(125,9,2006,2),(126,10,2006,2),(127,10,2006,2),(128,10,2006,2),(129,10,2006,2),(130,10,2006,2),(131,10,2006,2),(132,10,2006,2),(133,8,2006,2),(134,8,2006,2),(135,8,2006,2),(136,8,2006,2),(137,8,2006,2),(138,8,2006,2),(139,8,2006,2),(140,8,2006,2),(141,8,2006,2),(142,8,2006,2),(143,1,2006,2),(144,1,2006,2),(145,1,2006,2),(146,1,2006,2),(147,4,2006,2),(148,4,2006,2),(149,4,2006,2),(150,4,2006,2),(151,4,2006,2),(152,4,2006,2),(153,4,2006,2),(154,4,2006,2),(155,4,2006,2),(156,4,2006,2),(157,4,2006,2),(158,2,2006,2),(159,2,2006,2),(160,2,2006,2),(161,2,2006,2),(162,2,2006,2),(163,2,2006,2),(164,3,2006,2),(165,3,2006,2),(166,3,2006,2),(167,3,2006,2),(168,6,2006,2),(169,6,2006,2),(170,6,2006,2),(171,6,2006,2),(172,6,2006,2),(173,6,2006,2),(174,6,2006,2),(175,7,2006,2),(176,7,2006,2),(177,7,2006,2),(178,8,2006,2),(179,8,2006,2),(180,9,2006,2),(181,9,2006,2),(182,9,2006,2),(183,11,2006,2),(184,11,2006,2),(185,11,2006,2),(186,11,2006,2),(187,11,2006,2),(188,11,2006,2),(189,11,2006,2),(190,11,2006,2),(191,11,2006,2),(192,11,2006,2),(193,11,2006,2),(194,11,2006,2),(195,11,2006,2),(196,11,2006,2),(197,11,2006,2),(198,1,2006,2),(199,3,2006,2),(200,3,2006,2),(201,3,2006,2),(202,8,2006,2),(203,8,2006,2),(204,8,2006,2),(205,9,2006,2),(206,9,2006,2),(207,9,2006,2),(208,9,2006,2),(209,9,2006,2),(210,9,2006,2),(211,4,2006,2),(212,3,2006,2),(213,11,2006,2);

/*Table structure for table `course_record` */

DROP TABLE IF EXISTS `course_record`;

CREATE TABLE `course_record` (
  `course_id` int(10) unsigned NOT NULL auto_increment,
  `course_number` varchar(20) NOT NULL,
  `course_name` varchar(100) NOT NULL,
  `description` text NOT NULL,
  `lecture` int(10) unsigned NOT NULL,
  `tutorial` int(10) unsigned NOT NULL,
  `practical` int(10) unsigned NOT NULL,
  `start_date` date NOT NULL,
  `end_date` date NOT NULL,
  PRIMARY KEY  (`course_id`),
  UNIQUE KEY `course_number` (`course_number`)
) ENGINE=InnoDB DEFAULT CHARSET=latin1;

/*Data for the table `course_record` */

insert  into `course_record`(`course_id`,`course_number`,`course_name`,`description`,`lecture`,`tutorial`,`practical`,`start_date`,`end_date`) values (0,'number',' name',' descripton',0,0,0,'1000-01-01','1000-01-01'),(2,'BT101','Modern Biology','Modern Biology',3,1,0,'1994-01-01','1000-01-01'),(3,'CS101','Introduction to Computing','Introduction to Computing',3,0,0,'1994-01-01','1000-01-01'),(4,'CS110','Computing Laboratory','Computing Laboratory',0,0,3,'1994-01-01','1000-01-01'),(5,'EC102','Basic Electronics Laboratory','Basic Electronics Laboratory',0,0,4,'1994-01-01','1000-01-01'),(6,'MA102','Mathematics II','Mathematics II',3,1,0,'1994-01-01','1000-01-01'),(7,'ME101','Engineering Mechanics','Engineering Mechanics',3,1,0,'1994-01-01','1000-01-01'),(8,'PH102','Physics II','Physics II',2,1,0,'1994-01-01','1000-01-01'),(9,'PH110','Physics Laboratory','Physics Laboratory',0,0,3,'1994-01-01','1000-01-01'),(10,'CS204','Algorithms','Algorithms',3,0,0,'1994-01-01','1000-01-01'),(11,'CS222','Computer Organization and Architecture','Computer Organization and Architecture',3,0,0,'1994-01-01','1000-01-01'),(12,'CS223','Hardware Laboratory','Hardware Laboratory',0,0,3,'1994-01-01','1000-01-01'),(13,'CS241','Software Engineering','Software Engineering',2,0,3,'1994-01-01','1000-01-01'),(14,'CS242','Systems Programming Laboratory','Systems Programming Laboratory',0,1,3,'1994-01-01','1000-01-01'),(15,'MA203','Probability and Random Processes','Probability and Random Processes',3,0,0,'1994-01-01','1000-01-01'),(16,'CS302','Theory of Computation','Theory of Computation',3,0,0,'1994-01-01','1000-01-01'),(17,'CS346','Compilers','Compilers',3,0,0,'1994-01-01','1000-01-01'),(18,'CS347','Compilers Laboratory','Compilers Laboratory',0,0,3,'1994-01-01','1000-01-01'),(19,'CS348','Computer Networks','Computer Networks',3,0,2,'1994-01-01','1000-01-01'),(20,'CS362','Computer Graphics','Computer Graphics',3,0,2,'1994-01-01','1000-01-01'),(21,'CS399','Seminar','Seminar',0,0,3,'1994-01-01','1000-01-01'),(22,'CS499','Project','Project',0,0,16,'1994-01-01','1000-01-01'),(23,'EC203','Digital Circuits','Digital Circuits',3,1,0,'1994-01-01','1000-01-01'),(24,'EC204','Electronic Circuits Laboratory II','Electronic Circuits Laboratory II',0,0,4,'1994-01-01','1000-01-01'),(25,'EC210','Semiconductor Devices','Semiconductor Devices',3,0,0,'1994-01-01','1000-01-01'),(26,'EC221','Probability and Random  Processes','Probability and Random  Processes',3,0,0,'1994-01-01','1000-01-01'),(27,'EC230','Principles of Communication','Principles of Communication',3,0,2,'1994-01-01','1000-01-01'),(28,'EC304','Design Laboratory','Design Laboratory',0,1,4,'1994-01-01','1000-01-01'),(29,'EC310','Introduction to VLSI Design','Introduction to VLSI Design',3,0,2,'1994-01-01','1000-01-01'),(30,'EC321','DSP Laboratory','DSP Laboratory',0,0,3,'1994-01-01','1000-01-01'),(31,'EC332','Communication Systems Engineering','Communication Systems Engineering',3,0,0,'1994-01-01','1000-01-01'),(32,'EC333','Communication Networks','Communication Networks',3,0,0,'1994-01-01','1000-01-01'),(33,'EC341','Microwave Engineering','Microwave Engineering',3,0,2,'1994-01-01','1000-01-01'),(34,'EC499B','Project **','Project **',0,0,14,'1994-01-01','1000-01-01'),(35,'ME202','Engineering Materials','Engineering Materials',3,0,0,'1994-01-01','1000-01-01'),(36,'ME203','Advanced Solid Mechanics','Advanced Solid Mechanics',2,1,0,'1994-01-01','1000-01-01'),(37,'ME205','Thermodynamics','Thermodynamics',3,1,0,'1994-01-01','1000-01-01'),(38,'ME206','Fluid Mechanics II','Fluid Mechanics II',2,1,0,'1994-01-01','1000-01-01'),(39,'ME210','Workshop II','Workshop II',0,0,6,'1994-01-01','1000-01-01'),(40,'ME212','Mechanical Engineering Laboratory I','Mechanical Engineering Laboratory I',0,0,4,'1994-01-01','1000-01-01'),(41,'ME306','Manufacturing Technology II','Manufacturing Technology II',3,1,0,'1994-01-01','1000-01-01'),(43,'ME308','Dynamics of Machinery','Dynamics of Machinery',2,1,0,'1994-01-01','1000-01-01'),(44,'ME309','Control Systems','Control Systems',3,1,0,'1994-01-01','1000-01-01'),(45,'ME311','Mechanical Engineering Laboratory III','Mechanical Engineering Laboratory III',0,0,4,'1994-01-01','1000-01-01'),(46,'ME322','Applied Thermodynamics II','Applied Thermodynamics II',2,1,0,'1994-01-01','1000-01-01'),(47,'ME499','Project II','Project II',0,0,16,'1994-01-01','1000-01-01'),(48,'CE203','Fluid Mechanics','Fluid Mechanics',2,1,2,'1994-01-01','1000-01-01'),(49,'CE205','Structural Analysis I','Structural Analysis I',3,1,0,'1994-01-01','1000-01-01'),(50,'CE206','Geotechnical Engineering I','Geotechnical Engineering I',2,1,2,'1994-01-01','1000-01-01'),(51,'CE211','Civil Engineering Materials','Civil Engineering Materials',3,0,3,'1994-01-01','1000-01-01'),(52,'CE307','Environmental Engineering I','Environmental Engineering I',3,0,2,'1994-01-01','1000-01-01'),(53,'CE308','Construction Technology and Management','Construction Technology and Management',3,0,0,'1994-01-01','1000-01-01'),(54,'CE309','Design of Structures II','Design of Structures II',3,0,2,'1994-01-01','1000-01-01'),(55,'CE310','Transportation Engineering II','Transportation Engineering II',3,0,0,'1994-01-01','1000-01-01'),(56,'CE311','Hydrology & Water Resources Engineering','Hydrology & Water Resources Engineering',2,1,0,'1994-01-01','1000-01-01'),(58,'CE499','Project II','Project II',0,0,16,'1994-01-01','1000-01-01'),(59,'DD211','Elements of Form I','Elements of Form I',2,2,0,'1994-01-01','1000-01-01'),(60,'DD212','Plastics and Composites','Plastics and Composites',2,1,0,'1994-01-01','1000-01-01'),(61,'DD213','Introduction to Ergonomics','Introduction to Ergonomics',2,0,2,'1994-01-01','1000-01-01'),(62,'DD214','Graphic Representation Techniques','Graphic Representation Techniques',1,2,0,'1994-01-01','1000-01-01'),(63,'DD215','Introduction to Graphic Design','Introduction to Graphic Design',1,1,4,'1994-01-01','1000-01-01'),(64,'DD311','Applied Ergonomics','Applied Ergonomics',2,0,4,'1994-01-01','1000-01-01'),(65,'DD312','Systems Approach to Design','Systems Approach to Design',2,0,0,'1994-01-01','1000-01-01'),(66,'DD313','Design Project II','Design Project II',0,0,10,'1994-01-01','1000-01-01'),(67,'DD411','Design Management and Professional Practice','Design Management and Professional Practice',2,1,0,'1994-01-01','1000-01-01'),(68,'DD412','Project Phase II','Project Phase II',0,8,8,'1994-01-01','1000-01-01'),(69,'DD413','Design Seminar','Design Seminar',0,0,6,'1994-01-01','1000-01-01'),(70,'CL203','Chemical Engineering Thermodynamics I','Chemical Engineering Thermodynamics I',2,1,0,'1994-01-01','1000-01-01'),(71,'CL205','Mass Transfer Operations I','Mass Transfer Operations I',2,1,0,'1994-01-01','1000-01-01'),(72,'BT202','Microbiology','Microbiology',3,1,0,'1994-01-01','1000-01-01'),(73,'BT220','Microbiology Laboratory','Microbiology Laboratory',0,0,6,'1994-01-01','1000-01-01'),(74,'BT208','Molecular Biology & Genetic Engineering','Molecular Biology & Genetic Engineering',3,0,0,'1994-01-01','1000-01-01'),(75,'BT280','Molecular Biology & Genetic Engineering Laboratory','Molecular Biology & Genetic Engineering Laboratory',0,0,6,'1994-01-01','1000-01-01'),(76,'BT300','Seminar','Seminar',0,0,3,'1994-01-01','1000-01-01'),(77,'BT302','Biochemical Engineering','Biochemical Engineering',3,1,0,'1994-01-01','1000-01-01'),(78,'BT304','Bio-separation Engineering','Bio-separation Engineering',3,0,0,'1994-01-01','1000-01-01'),(79,'BT306','Bio-informatics and Computational Biology','Bio-informatics and Computational Biology',3,0,3,'1994-01-01','1000-01-01'),(80,'BT308','Animal Cell Biotechnology','Animal Cell Biotechnology',3,0,0,'1994-01-01','1000-01-01'),(81,'BT320','Biochemical Engineering Laboratory','Biochemical Engineering Laboratory',0,0,6,'1994-01-01','1000-01-01'),(82,'BT499','Project II','Project II',0,0,16,'1994-01-01','1000-01-01'),(83,'EC202','Basic Electronics Laboratory','Basic Electronics Laboratory',0,0,4,'1994-01-01','1000-01-01'),(84,'CL204','Heat Transfer Operations','Heat Transfer Operations',3,1,0,'1994-01-01','1000-01-01'),(85,'CL206','Process Equipment Design I','Process Equipment Design I',1,0,4,'1994-01-01','1000-01-01'),(86,'CL210','Fluid Mechanics Laboratory','Fluid Mechanics Laboratory',0,0,3,'1994-01-01','1000-01-01'),(87,'CL306','Equilibrium Stage Operations II','Equilibrium Stage Operations II',2,1,0,'1994-01-01','1000-01-01'),(88,'CL307','Transport Phenomena','Transport Phenomena',2,1,0,'1994-01-01','1000-01-01'),(89,'CL308','Chemical Reactor Design','Chemical Reactor Design',2,1,1,'1994-01-01','1000-01-01'),(90,'CL309','Numerical Methods in Chemical Engineering','Numerical Methods in Chemical Engineering',2,0,2,'1994-01-01','1000-01-01'),(91,'CL312','Process Equipment Design III','Process Equipment Design III',1,0,3,'1994-01-01','1000-01-01'),(92,'CL313','Chemical Engineering Laboratory IV','Chemical Engineering Laboratory IV',0,0,6,'1994-01-01','1000-01-01'),(93,'CL399','Seminar','Seminar',0,0,3,'1994-01-01','1000-01-01'),(94,'CL499','Project II','Project II',0,0,15,'1994-01-01','1000-01-01'),(95,'EC529','DSP Laboratory','DSP Laboratory',0,0,4,'1994-01-01','1000-01-01'),(96,'EC522','Statistical Signal Processing','Statistical Signal Processing',3,0,2,'1994-01-01','1000-01-01'),(97,'EC697','Project Phase I','Project Phase I',0,0,6,'1994-01-01','1000-01-01'),(98,'EC603','Analog IC Design','Analog IC Design',3,0,2,'1994-01-01','1000-01-01'),(99,'EC561','VLSI System Design','VLSI System Design',3,0,2,'1994-01-01','1000-01-01'),(100,'EC699','Project Phase - I','Project Phase - I',0,0,6,'1994-01-01','1000-01-01'),(101,'ME533','Experimental Stress Analysis','Experimental Stress Analysis',2,0,2,'1994-01-01','1000-01-01'),(102,'ME532','Finite Element Methods in Engineering','Finite Element Methods in Engineering',3,0,0,'1994-01-01','1000-01-01'),(103,'ME522','Convective Heat and Mass Transfer','Convective Heat and Mass Transfer',3,0,0,'1994-01-01','1000-01-01'),(104,'ME523','Advanced Engineering Thermodynamics','Advanced Engineering Thermodynamics',3,0,0,'1994-01-01','1000-01-01'),(105,'CE505','Advanced structural design','Advanced structural design',3,0,0,'1994-01-01','1000-01-01'),(106,'CE506','Experimental Methods in Structural Engineering','Experimental Methods in Structural Engineering',2,0,2,'1994-01-01','1000-01-01'),(107,'CE533','Advanced Foundation Engineering','Advanced Foundation Engineering',3,0,0,'1994-01-01','1000-01-01'),(108,'CE534','Applied Soil Mechanics','Applied Soil Mechanics',3,0,0,'1994-01-01','1000-01-01'),(109,'CE535','Ground Improvement Techniques','Ground Improvement Techniques',3,0,0,'1994-01-01','1000-01-01'),(110,'CE554','Unit Processes and Operations in Water Treatment','Unit Processes and Operations in Water Treatment',3,0,0,'1994-01-01','1000-01-01'),(111,'CE556','Unit Processes and Operations for Wastewater Treatment','Unit Processes and Operations for Wastewater Treatment',3,0,0,'1994-01-01','1000-01-01'),(112,'CL505','Thermodynamics','Thermodynamics',3,0,0,'1994-01-01','1000-01-01'),(113,'CL506','Advanced Separation Technology','Advanced Separation Technology',3,0,0,'1994-01-01','1000-01-01'),(114,'CL507','Reaction Engineering','Reaction Engineering',3,0,0,'1994-01-01','1000-01-01'),(115,'CL512','Seminer','Seminer',0,0,3,'1994-01-01','1000-01-01'),(116,'ME307','Machine Design','Machine Design',3,0,2,'1994-01-01','1000-01-01'),(117,'CE312','Seminar','Seminar',0,0,3,'1994-01-01','1000-01-01'),(118,'PH402','Mathematical Physics-II','Mathematical Physics-II',3,1,0,'1994-01-01','1000-01-01'),(119,'PH404','Statistical Mechanics','Statistical Mechanics',3,1,0,'1994-01-01','1000-01-01'),(120,'PH406','Quantum Mechanics II','Quantum Mechanics II',3,1,0,'1994-01-01','1000-01-01'),(121,'PH408','Numerical Methods and Computational Physics','Numerical Methods and Computational Physics',2,0,2,'1994-01-01','1000-01-01'),(122,'PH410','Electrodynamics','Electrodynamics',3,1,0,'1994-01-01','1000-01-01'),(123,'PH412','Physics Laboratory-II','Physics Laboratory-II',0,0,6,'1994-01-01','1000-01-01'),(124,'PH512','Measurement Techniques','Measurement Techniques',2,0,3,'1994-01-01','1000-01-01'),(125,'PH514','Project','Project',0,0,12,'1994-01-01','1000-01-01'),(126,'CH411','Inorganic Reaction Mechanism and Organometallics','Inorganic Reaction Mechanism and Organometallics',3,1,0,'1994-01-01','1000-01-01'),(127,'CH421','Organic Reactions Mechanisms','Organic Reactions Mechanisms',3,1,0,'1994-01-01','1000-01-01'),(128,'CH425','Organic Chemistry Laboratory','Organic Chemistry Laboratory',0,0,9,'1994-01-01','1000-01-01'),(129,'CH432','Chemical Dynamics and Electrochemistry','Chemical Dynamics and Electrochemistry',3,1,0,'1994-01-01','1000-01-01'),(130,'CH433','Applications of Spectroscopy','Applications of Spectroscopy',3,1,0,'1994-01-01','1000-01-01'),(131,'CH501','Computers in Chemistry','Computers in Chemistry',2,0,1,'1994-01-01','1000-01-01'),(132,'CH600','Project','Project',0,0,18,'1994-01-01','1000-01-01'),(133,'MA513','Data Structures','Data Structures',3,0,0,'1994-01-01','1000-01-01'),(134,'MA514','Data Structures Laboratory','Data Structures Laboratory',0,0,3,'1994-01-01','1000-01-01'),(135,'MA542','Differential Equations','Differential Equations',4,0,0,'1994-01-01','1000-01-01'),(136,'MA547','Complex Analysis','Complex Analysis',3,1,0,'1994-01-01','1000-01-01'),(137,'MA571','Numerical Linear Algebra','Numerical Linear Algebra',3,0,0,'1994-01-01','1000-01-01'),(138,'MA581','Numerical Linear Algebra Laboratory','Numerical Linear Algebra Laboratory',0,0,3,'1994-01-01','1000-01-01'),(139,'MA591','Optimization Techniques','Optimization Techniques',3,1,0,'1994-01-01','1000-01-01'),(140,'MA573','Numerics of Partial Differential Equations','Numerics of Partial Differential Equations',3,0,0,'1994-01-01','1000-01-01'),(141,'MA583','Numerics of PDE Lab','Numerics of PDE Lab',0,0,3,'1994-01-01','1000-01-01'),(142,'MA699','Project II','Project II',0,0,12,'1994-01-01','1000-01-01'),(143,'CS506','Hierarchical Memory Algorithms','Hierarchical Memory Algorithms',3,0,0,'1994-01-01','1000-01-01'),(144,'CS553','Linux Kernel: Implementation and Security Issues','Linux Kernel: Implementation and Security Issues',3,0,0,'1994-01-01','1000-01-01'),(145,'CS549','Computer and Network Security','Computer and Network Security',3,0,0,'1994-01-01','1000-01-01'),(146,'CS548','Optimization Methods  (Open Elective)','Optimization Methods  (Open Elective)',3,0,0,'1994-01-01','1000-01-01'),(147,'CE444','Environmental Management  (Open Elective) ','Environmental Management  (Open Elective) ',3,0,0,'1994-01-01','1000-01-01'),(148,'CE568','Environmental  Management','Environmental  Management',3,0,0,'1994-01-01','1000-01-01'),(149,'CE609','Reliability based structural design','Reliability based structural design',3,0,0,'1994-01-01','1000-01-01'),(150,'CE606','Earthquake Engineering','Earthquake Engineering',3,0,0,'1994-01-01','1000-01-01'),(151,'CE560','Computational Methods in Hydraulics and Environmental Engineering   applications','Computational Methods in Hydraulics and Environmental Engineering   applications',3,0,0,'1994-01-01','1000-01-01'),(152,'CE643','Earthquake Geotechnical Engineering','Earthquake Geotechnical Engineering',3,0,0,'1994-01-01','1000-01-01'),(153,'CE570','Air Pollution and Industrial Waste Management','Air Pollution and Industrial Waste Management',3,0,0,'1994-01-01','1000-01-01'),(154,'CE647','Environmental Geotechnology','Environmental Geotechnology',3,0,0,'1994-01-01','1000-01-01'),(155,'CE610','Finite element analysis','Finite element analysis',3,0,0,'1994-01-01','1000-01-01'),(156,'CE605','Computer aided design','Computer aided design',3,0,0,'1994-01-01','1000-01-01'),(157,'CE443','Computer Aided Design','Computer Aided Design',3,0,0,'1994-01-01','1000-01-01'),(158,'EC623','Advanced Topics in Digital Signal Processing','Advanced Topics in Digital Signal Processing',3,0,0,'1994-01-01','1000-01-01'),(159,'EC626','Biomedical Signal Processing','Biomedical Signal Processing',3,0,0,'1994-01-01','1000-01-01'),(160,'EC640','Signal Processing & Smart Antennas for Wireless Communication','Signal Processing & Smart Antennas for Wireless Communication',3,0,0,'1994-01-01','1000-01-01'),(161,'EC652','Computer Control (Open Elective) ','Computer Control (Open Elective) ',3,0,0,'1994-01-01','1000-01-01'),(162,'EC654','Fuzzy Logic and Neural Networks','Fuzzy Logic and Neural Networks',3,0,0,'1994-01-01','1000-01-01'),(163,'EC671','Underwater Electronic System','Underwater Electronic System',3,0,0,'1994-01-01','1000-01-01'),(164,'ME648','Viscous Fluid Flow','Viscous Fluid Flow',3,0,0,'1994-01-01','1000-01-01'),(165,'ME615','Rotor Dynamics','Rotor Dynamics',3,0,0,'1994-01-01','1000-01-01'),(166,'ME607','Introduction to Composite Materials','Introduction to Composite Materials',3,0,0,'1994-01-01','1000-01-01'),(167,'ME651','Numerical Methods for Thermal Radiation Heat Transfer','Numerical Methods for Thermal Radiation Heat Transfer',3,0,0,'1994-01-01','1000-01-01'),(168,'BT422','Advance in Virology','Advance in Virology',3,0,0,'1994-01-01','1000-01-01'),(169,'BT424','Fluorescence  Techniques in Biotechnology','Fluorescence  Techniques in Biotechnology',3,0,0,'1994-01-01','1000-01-01'),(170,'BT425','Biocatalysis','Biocatalysis',3,0,0,'1994-01-01','1000-01-01'),(171,'BT430','Fundamentals Methods of Plant Tissues Culture','Fundamentals Methods of Plant Tissues Culture',3,0,0,'1994-01-01','1000-01-01'),(172,'BT413','Analysis of Separation Processes ','Analysis of Separation Processes ',3,0,0,'1994-01-01','1000-01-01'),(173,'BT613','Systems Biology','Systems Biology',3,0,0,'1994-01-01','1000-01-01'),(174,'BT612','Plant Molecular Farming','Plant Molecular Farming',3,0,0,'1994-01-01','1000-01-01'),(175,'CL613','Computational Transport Phenomena','Computational Transport Phenomena',3,0,0,'1994-01-01','1000-01-01'),(176,'CL614','Fluidization','Fluidization',3,0,0,'1994-01-01','1000-01-01'),(177,'CL617','Petroleum Downstream Engineering','Petroleum Downstream Engineering',3,0,0,'1994-01-01','1000-01-01'),(178,'MA209','Numerical Linear Algebra','Numerical Linear Algebra',3,0,0,'1994-01-01','1000-01-01'),(179,'MA211','Numerical Methods for Partial Differential Equations','Numerical Methods for Partial Differential Equations',3,0,0,'1994-01-01','1000-01-01'),(180,'PH201','Optoelectronics','Optoelectronics',3,0,0,'1994-01-01','1000-01-01'),(181,'PH205','Elements of Statistical Mechanics','Elements of Statistical Mechanics',3,0,0,'1994-01-01','1000-01-01'),(182,'PH444','Nanomaterials and Nanoelectronics (Open Elective) ','Nanomaterials and Nanoelectronics (Open Elective) ',3,0,0,'1994-01-01','1000-01-01'),(183,'HS205','Business Economics','Business Economics',3,0,0,'1994-01-01','1000-01-01'),(184,'HS211','Philosophy: Styles and Methods','Philosophy: Styles and Methods',3,0,0,'1994-01-01','1000-01-01'),(185,'HS213','Consumer Behavior','Consumer Behavior',3,0,0,'1994-01-01','1000-01-01'),(186,'HS216','Sociology of India','Sociology of India',3,0,0,'1994-01-01','1000-01-01'),(187,'HS219','Culture & Environment: A Materialistic Approach','Culture & Environment: A Materialistic Approach',3,0,0,'1994-01-01','1000-01-01'),(188,'HS301','Money and Financial System','Money and Financial System',3,0,0,'1994-01-01','1000-01-01'),(189,'HS309','Contemporary Indian Literature in English','Contemporary Indian Literature in English',3,0,0,'1994-01-01','1000-01-01'),(190,'HS310','Concepts & Ideologies in Social Life','Concepts & Ideologies in Social Life',3,0,0,'1994-01-01','1000-01-01'),(191,'HS311','Applied Psychology','Applied Psychology',3,0,0,'1994-01-01','1000-01-01'),(192,'HS312','Critical Thinking','Critical Thinking',3,0,0,'1994-01-01','1000-01-01'),(193,'HS401','Management of Organizational Behavior','Management of Organizational Behavior',3,0,0,'1994-01-01','1000-01-01'),(194,'HS405','Inventing the Truth: The Art and Craft of Autibiography','Inventing the Truth: The Art and Craft of Autibiography',3,0,0,'1994-01-01','1000-01-01'),(195,'HS406','Philosophical Issues','Philosophical Issues',3,0,0,'1994-01-01','1000-01-01'),(196,'HS408','Sociology of Cyberspace','Sociology of Cyberspace',3,0,0,'1994-01-01','1000-01-01'),(197,'HS410','Social History of Colonial India','Social History of Colonial India',3,0,0,'1994-01-01','1000-01-01'),(198,'CS666','Mobile Robotics','Mobile Robotics',3,0,0,'1994-01-01','1000-01-01'),(199,'ME659','Tribology of Bearings','Tribology of Bearings',3,0,0,'1994-01-01','1000-01-01'),(200,'ME657','Two Phase Flow and Heat Transfer','Two Phase Flow and Heat Transfer',3,0,0,'1994-01-01','1000-01-01'),(201,'ME653','Jet Propulsion','Jet Propulsion',3,0,0,'1994-01-01','1000-01-01'),(202,'MA549','Topology','Topology',3,0,0,'1994-01-01','1000-01-01'),(203,'MA577','Perturbation Methods','Perturbation Methods',3,0,0,'1994-01-01','1000-01-01'),(204,'MA596','Stochastic Calculus for Finance','Stochastic Calculus for Finance',3,0,0,'1994-01-01','1000-01-01'),(205,'PH523','Magnetism and Superconductivity','Magnetism and Superconductivity',3,0,0,'1994-01-01','1000-01-01'),(206,'PH524','Thin Film Phenomena','Thin Film Phenomena',3,0,0,'1994-01-01','1000-01-01'),(207,'PH525','Optoelectronics Materials and Devices','Optoelectronics Materials and Devices',3,0,0,'1994-01-01','1000-01-01'),(208,'PH532','Laser Spectroscopy','Laser Spectroscopy',3,0,0,'1994-01-01','1000-01-01'),(209,'PH544','High Energy Physics','High Energy Physics',3,0,0,'1994-01-01','1000-01-01'),(210,'PH645','General Theory of Relativity','General Theory of Relativity',3,0,0,'1994-01-01','1000-01-01'),(211,'CE552','Water Resources Systems Analysis Planning & Management','Water Resources Systems Analysis Planning & Management',3,0,0,'1994-01-01','1000-01-01'),(212,'ME605','Fracture Fatigue and Failure Analysis','Fracture Fatigue and Failure Analysis',3,0,0,'1994-01-01','1000-01-01'),(213,'HS313','Nation Culture and History','Nation Culture and History',3,0,0,'1994-01-01','1000-01-01'),(214,'ch204','Chemistry of Elements','Chemistry of Elements',3,1,0,'2006-11-16','1000-01-01'),(215,'ch205','Elementary Quantum Chemistry and Spectroscopy','Elementary Quantum Chemistry and Spectroscopy\r\n',3,1,0,'2006-11-16','1000-01-01'),(216,'ch206','Organic Functional Group Chemistry','Organic Functional Group Chemistry',3,1,0,'2006-11-16','1000-01-01'),(217,'ch211','Fundamentals of Physical Chemistry Laboratory','Fundamentals of Physical Chemistry Laboratory',0,0,6,'2006-11-16','1000-01-01');

/*Table structure for table `course_teacher` */

DROP TABLE IF EXISTS `course_teacher`;

CREATE TABLE `course_teacher` (
  `course_id` int(10) unsigned NOT NULL,
  `faculty_id` int(10) unsigned NOT NULL,
  `year` year(4) NOT NULL,
  `semester` int(10) unsigned NOT NULL,
  PRIMARY KEY  (`course_id`,`faculty_id`,`year`,`semester`),
  KEY `faculty_id` (`faculty_id`),
  CONSTRAINT `course_teacher_ibfk_1` FOREIGN KEY (`course_id`) REFERENCES `course_record` (`course_id`) ON DELETE CASCADE ON UPDATE CASCADE,
  CONSTRAINT `course_teacher_ibfk_2` FOREIGN KEY (`faculty_id`) REFERENCES `faculty_record` (`faculty_id`) ON DELETE CASCADE ON UPDATE CASCADE,
  CONSTRAINT `course_teacher_ibfk_3` FOREIGN KEY (`course_id`) REFERENCES `course_record` (`course_id`) ON DELETE CASCADE ON UPDATE CASCADE,
  CONSTRAINT `course_teacher_ibfk_4` FOREIGN KEY (`faculty_id`) REFERENCES `faculty_record` (`faculty_id`) ON DELETE CASCADE ON UPDATE CASCADE
) ENGINE=InnoDB DEFAULT CHARSET=latin1;

/*Data for the table `course_teacher` */

/*Table structure for table `course_type_record` */

DROP TABLE IF EXISTS `course_type_record`;

CREATE TABLE `course_type_record` (
  `course_type_id` int(10) unsigned NOT NULL auto_increment,
  `course_type_name` varchar(100) NOT NULL,
  PRIMARY KEY  (`course_type_id`),
  UNIQUE KEY `course_type_name` (`course_type_name`)
) ENGINE=InnoDB DEFAULT CHARSET=latin1;

/*Data for the table `course_type_record` */

insert  into `course_type_record`(`course_type_id`,`course_type_name`) values (0,'Invalid'),(1,'Core'),(2,'Audit'),(3,'Extra Credit'),(4,'Departmental Elective'),(5,'HSS Elective'),(6,'Science Elective'),(7,'Open Elective'),(8,'Special');

/*Table structure for table `cpi_calculation_record` */

DROP TABLE IF EXISTS `cpi_calculation_record`;

CREATE TABLE `cpi_calculation_record` (
  `student_id` int(10) unsigned NOT NULL,
  `course_id` int(10) unsigned NOT NULL,
  `proposed_semester` int(10) unsigned NOT NULL,
  `grade_type_id` int(10) unsigned NOT NULL,
  PRIMARY KEY  (`student_id`,`course_id`),
  KEY `grade_type_id` (`grade_type_id`),
  KEY `course_id` (`course_id`),
  CONSTRAINT `cpi_calculation_record_ibfk_1` FOREIGN KEY (`student_id`) REFERENCES `main_student_record` (`student_id`) ON DELETE CASCADE ON UPDATE CASCADE,
  CONSTRAINT `cpi_calculation_record_ibfk_2` FOREIGN KEY (`course_id`) REFERENCES `course_record` (`course_id`) ON DELETE CASCADE ON UPDATE CASCADE,
  CONSTRAINT `cpi_calculation_record_ibfk_3` FOREIGN KEY (`student_id`) REFERENCES `main_student_record` (`student_id`) ON DELETE CASCADE ON UPDATE CASCADE,
  CONSTRAINT `cpi_calculation_record_ibfk_4` FOREIGN KEY (`course_id`) REFERENCES `course_record` (`course_id`) ON DELETE CASCADE ON UPDATE CASCADE,
  CONSTRAINT `cpi_calculation_record_ibfk_5` FOREIGN KEY (`student_id`) REFERENCES `main_student_record` (`student_id`) ON DELETE CASCADE ON UPDATE CASCADE,
  CONSTRAINT `cpi_calculation_record_ibfk_6` FOREIGN KEY (`grade_type_id`) REFERENCES `grade_type_record` (`grade_type_id`) ON DELETE CASCADE ON UPDATE CASCADE,
  CONSTRAINT `cpi_calculation_record_ibfk_7` FOREIGN KEY (`course_id`) REFERENCES `course_record` (`course_id`) ON DELETE CASCADE ON UPDATE CASCADE
) ENGINE=InnoDB DEFAULT CHARSET=latin1;

/*Data for the table `cpi_calculation_record` */

/*Table structure for table `current_year_semester` */

DROP TABLE IF EXISTS `current_year_semester`;

CREATE TABLE `current_year_semester` (
  `year` int(10) unsigned NOT NULL,
  `semester` int(10) unsigned NOT NULL,
  PRIMARY KEY  (`year`,`semester`)
) ENGINE=InnoDB DEFAULT CHARSET=latin1;

/*Data for the table `current_year_semester` */

insert  into `current_year_semester`(`year`,`semester`) values (2006,2);

/*Table structure for table `department_offerings` */

DROP TABLE IF EXISTS `department_offerings`;

CREATE TABLE `department_offerings` (
  `department_id` int(10) unsigned NOT NULL,
  `programme_id` int(10) unsigned NOT NULL,
  PRIMARY KEY  (`programme_id`,`department_id`),
  KEY `department_id` (`department_id`),
  CONSTRAINT `department_offerings_ibfk_1` FOREIGN KEY (`programme_id`) REFERENCES `programme_record` (`programme_id`) ON DELETE CASCADE ON UPDATE CASCADE,
  CONSTRAINT `department_offerings_ibfk_2` FOREIGN KEY (`department_id`) REFERENCES `department_record` (`department_id`) ON DELETE CASCADE ON UPDATE CASCADE
) ENGINE=InnoDB DEFAULT CHARSET=latin1;

/*Data for the table `department_offerings` */

insert  into `department_offerings`(`department_id`,`programme_id`) values (1,1),(2,1),(3,1),(4,1),(6,1),(7,1),(8,1),(9,1),(1,2),(2,2),(3,2),(4,2),(7,2),(1,3),(2,3),(3,3),(4,3),(5,3),(6,3),(7,3),(8,3),(9,3),(11,3),(13,3),(14,3),(15,3),(8,4),(9,4),(10,4),(12,5),(10,6),(5,7),(2,8),(2,9),(3,10),(3,11),(4,12),(4,13),(4,14),(7,15);

/*Table structure for table `department_record` */

DROP TABLE IF EXISTS `department_record`;

CREATE TABLE `department_record` (
  `department_id` int(10) unsigned NOT NULL auto_increment,
  `department_name` varchar(100) NOT NULL,
  PRIMARY KEY  (`department_id`),
  UNIQUE KEY `department_name` (`department_name`)
) ENGINE=InnoDB DEFAULT CHARSET=latin1;

/*Data for the table `department_record` */

insert  into `department_record`(`department_id`,`department_name`) values (1,'Computer Science and Engineering'),(2,'Electronics and Communication'),(3,'Mechanical Engineering'),(4,'Civil Engineering'),(5,'Design'),(6,'Biotechnology'),(7,'Chemical Engineering'),(8,'Mathematics'),(9,'Physics'),(10,'Chemistry'),(11,'Humanities and Social Sciences'),(12,'Preparatory'),(13,'Centre for Energy'),(14,'Centre for Environment'),(15,'Centre for Nanotechnology');

/*Table structure for table `electives_course_curriculum` */

DROP TABLE IF EXISTS `electives_course_curriculum`;

CREATE TABLE `electives_course_curriculum` (
  `programme_id` int(10) unsigned NOT NULL,
  `department_id` int(10) unsigned NOT NULL,
  `proposed_semester` int(10) unsigned NOT NULL,
  `number_of_electives` int(10) unsigned NOT NULL,
  `elective_type_id` int(10) unsigned NOT NULL,
  `start_date` date NOT NULL,
  `end_date` date NOT NULL,
  PRIMARY KEY  (`programme_id`,`department_id`,`proposed_semester`,`elective_type_id`,`start_date`,`end_date`),
  KEY `department_id` (`department_id`),
  KEY `elective_type_id` (`elective_type_id`),
  CONSTRAINT `electives_course_curriculum_ibfk_1` FOREIGN KEY (`programme_id`) REFERENCES `programme_record` (`programme_id`) ON DELETE CASCADE ON UPDATE CASCADE,
  CONSTRAINT `electives_course_curriculum_ibfk_2` FOREIGN KEY (`department_id`) REFERENCES `department_record` (`department_id`) ON DELETE CASCADE ON UPDATE CASCADE,
  CONSTRAINT `electives_course_curriculum_ibfk_3` FOREIGN KEY (`elective_type_id`) REFERENCES `course_type_record` (`course_type_id`) ON DELETE CASCADE ON UPDATE CASCADE
) ENGINE=InnoDB DEFAULT CHARSET=latin1;

/*Data for the table `electives_course_curriculum` */

insert  into `electives_course_curriculum`(`programme_id`,`department_id`,`proposed_semester`,`number_of_electives`,`elective_type_id`,`start_date`,`end_date`) values (1,1,4,1,5,'2006-11-08','1000-01-01'),(1,1,4,1,6,'2006-11-08','1000-01-01'),(1,1,6,1,5,'2006-11-08','1000-01-01'),(1,1,8,2,4,'2006-11-08','1000-01-01'),(1,1,8,1,5,'2006-11-08','1000-01-01'),(1,1,8,1,7,'2006-11-08','1000-01-01'),(1,2,4,1,5,'2006-11-08','1000-01-01'),(1,2,4,1,6,'2006-11-08','1000-01-01'),(1,2,6,1,5,'2006-11-08','1000-01-01'),(1,2,8,2,4,'2006-11-08','1000-01-01'),(1,2,8,1,5,'2006-11-08','1000-01-01'),(1,2,8,1,7,'2006-11-08','1000-01-01'),(1,3,4,1,5,'2006-11-08','1000-01-01'),(1,3,4,1,6,'2006-11-08','1000-01-01'),(1,3,6,1,5,'2006-11-08','1000-01-01'),(1,3,8,2,4,'2006-11-08','1000-01-01'),(1,3,8,1,5,'2006-11-08','1000-01-01'),(1,3,8,1,7,'2006-11-08','1000-01-01'),(1,4,4,1,5,'2006-11-08','1000-01-01'),(1,4,4,1,6,'2006-11-08','1000-01-01'),(1,4,6,1,5,'2006-11-08','1000-01-01'),(1,4,8,2,4,'2006-11-08','1000-01-01'),(1,4,8,1,5,'2006-11-08','1000-01-01'),(1,4,8,1,7,'2006-11-08','1000-01-01'),(1,6,4,1,5,'2006-11-08','1000-01-01'),(1,6,4,1,6,'2006-11-08','1000-01-01'),(1,6,6,1,5,'2006-11-08','1000-01-01'),(1,6,8,2,4,'2006-11-08','1000-01-01'),(1,6,8,1,5,'2006-11-08','1000-01-01'),(1,6,8,1,7,'2006-11-08','1000-01-01'),(1,7,4,1,5,'2006-11-08','1000-01-01'),(1,7,4,1,6,'2006-11-08','1000-01-01'),(1,7,6,1,5,'2006-11-08','1000-01-01'),(1,7,8,2,4,'2006-11-08','1000-01-01'),(1,7,8,1,5,'2006-11-08','1000-01-01'),(1,7,8,1,7,'2006-11-08','1000-01-01'),(2,1,2,4,4,'2006-11-16','1000-01-01'),(4,8,4,2,4,'2006-11-16','1000-01-01'),(4,9,4,3,4,'2006-11-16','1000-01-01'),(4,10,4,2,4,'2006-11-16','1000-01-01'),(6,10,4,1,5,'2006-11-16','1000-01-01'),(6,10,4,1,6,'2006-11-16','1000-01-01'),(7,5,4,1,5,'2006-11-08','1000-01-01'),(7,5,6,2,4,'2006-11-08','1000-01-01'),(7,5,6,1,5,'2006-11-08','1000-01-01'),(7,5,8,1,7,'2006-11-08','1000-01-01'),(8,2,2,1,4,'2006-11-16','1000-01-01'),(9,2,2,2,4,'2006-11-16','1000-01-01'),(10,3,2,3,4,'2006-11-16','1000-01-01'),(11,3,2,3,4,'2006-11-16','1000-01-01'),(12,4,2,3,4,'2006-11-16','1000-01-01'),(13,4,2,2,4,'2006-11-16','1000-01-01'),(14,4,2,2,4,'2006-11-16','1000-01-01'),(15,7,2,2,4,'2006-11-16','1000-01-01');

/*Table structure for table `electives_left_record` */

DROP TABLE IF EXISTS `electives_left_record`;

CREATE TABLE `electives_left_record` (
  `student_id` int(10) unsigned NOT NULL,
  `proposed_semester` int(10) unsigned NOT NULL,
  `electives_left` int(10) unsigned NOT NULL,
  `elective_type_id` int(10) unsigned NOT NULL,
  PRIMARY KEY  (`student_id`,`proposed_semester`,`elective_type_id`),
  CONSTRAINT `electives_left_record_ibfk_1` FOREIGN KEY (`student_id`) REFERENCES `main_student_record` (`student_id`) ON DELETE CASCADE ON UPDATE CASCADE
) ENGINE=InnoDB DEFAULT CHARSET=latin1;

/*Data for the table `electives_left_record` */

/*Table structure for table `faculty_record` */

DROP TABLE IF EXISTS `faculty_record`;

CREATE TABLE `faculty_record` (
  `faculty_id` int(10) unsigned NOT NULL auto_increment,
  `department_id` int(10) unsigned NOT NULL,
  `faculty_name` varchar(100) NOT NULL,
  `faculty_designation` varchar(100) NOT NULL,
  `faculty_email_id` varchar(100) NOT NULL,
  PRIMARY KEY  (`faculty_id`),
  KEY `department_id` (`department_id`),
  CONSTRAINT `faculty_record_ibfk_1` FOREIGN KEY (`department_id`) REFERENCES `department_record` (`department_id`) ON DELETE CASCADE ON UPDATE CASCADE
) ENGINE=InnoDB DEFAULT CHARSET=latin1;

/*Data for the table `faculty_record` */

/*Table structure for table `grade_type_record` */

DROP TABLE IF EXISTS `grade_type_record`;

CREATE TABLE `grade_type_record` (
  `grade_type_id` int(10) unsigned NOT NULL,
  `grade_type_value` int(10) unsigned NOT NULL,
  `grade_type_name` varchar(10) NOT NULL,
  PRIMARY KEY  (`grade_type_id`),
  UNIQUE KEY `grade_type_name` (`grade_type_name`)
) ENGINE=InnoDB DEFAULT CHARSET=latin1;

/*Data for the table `grade_type_record` */

insert  into `grade_type_record`(`grade_type_id`,`grade_type_value`,`grade_type_name`) values (0,0,'F'),(4,4,'DD'),(5,5,'CD'),(6,6,'CC'),(7,7,'BC'),(8,8,'BB'),(9,9,'AB'),(10,10,'AA'),(11,0,'I'),(12,0,'X'),(13,0,'PP'),(14,0,'NP');

/*Table structure for table `login` */

DROP TABLE IF EXISTS `login`;

CREATE TABLE `login` (
  `username` varchar(100) NOT NULL,
  `password` varchar(200) NOT NULL,
  `role_id` int(10) unsigned NOT NULL,
  PRIMARY KEY  (`username`),
  KEY `role_id` (`role_id`),
  CONSTRAINT `login_ibfk_1` FOREIGN KEY (`role_id`) REFERENCES `role` (`role_id`) ON DELETE CASCADE ON UPDATE CASCADE
) ENGINE=InnoDB DEFAULT CHARSET=latin1;

/*Data for the table `login` */

insert  into `login`(`username`,`password`,`role_id`) values ('administrator','administrator',4),('faculty','faculty',2),('staff','staff',3),('student','student',1);

/*Table structure for table `main_student_record` */

DROP TABLE IF EXISTS `main_student_record`;

CREATE TABLE `main_student_record` (
  `student_id` int(10) unsigned NOT NULL auto_increment,
  `student_name` varchar(100) NOT NULL,
  `student_roll_number` varchar(40) NOT NULL,
  PRIMARY KEY  (`student_id`),
  UNIQUE KEY `student_roll_number` (`student_roll_number`)
) ENGINE=InnoDB DEFAULT CHARSET=latin1;

/*Data for the table `main_student_record` */

insert  into `main_student_record`(`student_id`,`student_name`,`student_roll_number`) values (198,'RATNADEEP DEY','01124'),(199,'HARISH KAMALE','02010113'),(200,'PROMOTHESH RAMCHIARY','02010121'),(201,'RAJU RANJAN','02010124'),(202,'RAVINDRA KUMAR','02010126'),(203,'ABHIMANU KUMAR','03010101'),(204,'AJIT KUMAR SINGH','03010102'),(205,'ALOK CHANDRA','03010103'),(206,'ALOK KUMAR PARMESH','03010104'),(207,'ASHIMJYOTI DAS','03010106'),(208,'BHAWNA BHARATI','03010107'),(209,'CHANDER PRAKASH','03010108'),(210,'GAURAV VIJAY','03010109'),(211,'HIMANSHU DUBEY','03010110'),(212,'HRIDDHI SUNDER DOLEY','03010111'),(213,'ABHINAV KUMAR','03010112'),(214,'LAKSHYA MALHOTRA','03010113'),(215,'MADHUR AGGARWAL','03010114'),(216,'MAKBUL SIRAM','03010115'),(217,'ADITYA MARELLA','03010117'),(218,'MOHIT SINGAL','03010118'),(219,'NEERAJ GUPTA','03010119'),(220,'RAJEEV GUPTA','03010120'),(221,'RAVI JAIN','03010121'),(222,'RITESH KUMAR','03010122'),(223,'SACHIN MANGLA','03010123'),(224,'SANDEEP YADAV','03010124'),(225,'SEEMA NAGAR','03010125'),(226,'SHASHANK KALRA','03010126'),(227,'SHASHI SHEKHAR','03010127'),(228,'SRI SATYA ARAVIND AKELLA','03010128'),(229,'SUNDAR KUMAR RAMSUNDAR','03010129'),(230,'UDIT NARAYAN','03010130'),(231,'VIKAS GARG','03010131'),(232,'VIKRANT CHAHAR','03010132'),(233,'VIMAL KUMAR GUPTA','03010133'),(234,'VINAY KUMAR TIBREWAL','03010134'),(235,'VISHAL KUMAR LAHOTI','03010135'),(236,'VIVEK JAIN','03010136'),(237,'CHHAYA SHARMA','03010137'),(238,'DEEPAK K.S. BHADAURIA','03010138'),(239,'HIMANSHU SHARMA','03010139'),(240,'KARNTHI KUMAR MANNEM','03010140'),(241,'MADDARAPU ASHOK','03010141'),(242,'NATUKULA PAVAN KUMAR','03010142'),(243,'NITIN VERMA','03010143'),(244,'SACHIN UPADHYAY','03010144'),(245,'SIDDHARTH GUPTA','03010145'),(246,'ABHINAV JHA','04010101'),(247,'ABHISHEK GUPTA','04010102'),(248,'ADHIKAAR MARWAHA','04010103'),(249,'ADITYA RAJ','04010104'),(250,'ADITYA SINGH','04010105'),(251,'AJAY KUMAR V','04010106'),(252,'AMIT ANAND AMLESAHWARAM','04010107'),(253,'ARJUN KUMAR','04010108'),(254,'ARPIT GARG','04010109'),(255,'ASHISH ANAND','04010110'),(256,'BHARATH CHINTAPATLA','04010111'),(257,'DIVYA DEVESH','04010112'),(258,'G KRISHNA CHAITANYA','04010113'),(259,'GOVIND KOTHARI','04010114'),(260,'HIMANGSHU SAIKIA','04010115'),(261,'KARTEEK J','04010116'),(262,'KRISHNA JAYADEV K','04010117'),(263,'KRISHNA KISHORE ANNAPUREDDY','04010118'),(264,'KUMAR PRATYUSH','04010119'),(265,'KUMBHARE ALOK GAUTAM','04010120'),(266,'LALIT PANKAJ','04010121'),(267,'M VENKAT RANGAN','04010122'),(268,'MANISH ARYA','04010123'),(269,'MANISH KUMAR','04010124'),(270,'MAYANK MAHESHWARI','04010125'),(271,'MUKUL KUMAR','04010126'),(272,'NARESH TIRGAR','04010127'),(273,'NIKUNJ AGARWAL','04010128'),(274,'P KAUSHIK REDDY','04010129'),(275,'PARAS ARORA','04010130'),(276,'PARDEEP BOKHARWAL','04010131'),(277,'PRABHAT GUPTA','04010132'),(278,'PRASHANT KUMAR','04010133'),(279,'RAMINDER DEEP SINGH','04010134'),(280,'SARANG SHARMA','04010135'),(281,'SAURABH KISHORE','04010136'),(282,'SAURABH NANGIA','04010137'),(283,'SRIHARSHA GANGAM','04010138'),(284,'SUHAS AGGARWAL','04010139'),(285,'SUMEER GULATI','04010140'),(286,'SUMIT MALIK','04010141'),(287,'SWAPNIL DINKAR PUNDKAR','04010142'),(288,'T. AVINASH','04010143'),(289,'UDIT SINGH','04010144'),(290,'V B VIKRAM KUMAR','04010145'),(291,'VOLETI VAMSEE','04010146'),(292,'KUNAL CHOURASIA','04010147'),(293,'SUBRAMANIAN SITARAMAN ASHISH','04010148'),(294,'VAIBHAV MEHROTRA','04010149'),(295,'VARUN AGGARWALA','04010150'),(296,'ABHISHEK ROY','05010101'),(297,'ALEKHYA TELEKICHERLA','05010102'),(298,'ANIKET MANGLAM','05010103'),(299,'ASHISH KUMAR KAKRAN','05010104'),(300,'ASHISH KUMAR THAKUR','05010105'),(301,'ATIF JAMIL','05010106'),(302,'CHINMAY VINOD DESHMUKH','05010107'),(303,'D. PARASARA SRIDHAR','05010108'),(304,'DIPANKAR DAS','05010109'),(305,'GOVERDHAN SINGH','05010110'),(306,'INDRAJEET SINGH','05010111'),(307,'JITENDRA TAID','05010112'),(308,'KAMAL BAID','05010113'),(309,'KISHLAY','05010114'),(310,'KISHLAY KUMAR PALLAV','05010115'),(311,'KOMAWAR NIKHIL SHRIKANT','05010116'),(312,'KRISHNA BRAHMAM VEMPATI','05010117'),(313,'KUNTIMADDI SRINIDHI','05010118'),(314,'MONABILI BASUMATARY','05010119'),(315,'MANISH GUPTA','05010120'),(316,'N.VIVEK','05010121'),(317,'NISCHAL VERMA','05010122'),(318,'NISHANT TANDON','05010123'),(319,'RAKESH KUMAR','05010124'),(320,'PRANJUL YADAV','05010125'),(321,'PRASHANT CHOURASIA','05010126'),(322,'PRAVEEN KUMAR','05010127'),(323,'PRIYADARSHI SHARMA','05010128'),(324,'R. VISHALI REDDY','05010129'),(325,'RAJESH A','05010130'),(326,'RAKESH ROSHAN','05010131'),(327,'RAVISH KUMAR KUMAWAT','05010132'),(328,'RISHABH GUPTA','05010133'),(329,'ROHAN AGARWAL','05010134'),(330,'SANDEEP KUMAR','05010135'),(331,'SHANTANU MAHAJAN','05010136'),(332,'SHASHI KANT KUNAL','05010137'),(333,'SHIKHAR SACHAN','05010138'),(334,'SHREY GUPTA','05010139'),(335,'SRAVAN KUMAR R','05010140'),(336,'SRIKANTH YANAMANDRA','05010141'),(337,'SUNIL KUMAR MEENA','05010142'),(338,'TATI RAGHUVEER','05010143'),(339,'UTKARSH SHARMA','05010144'),(340,'V. ANIL KUMAR','05010145'),(341,'V. RAGHAVENDER REDDY','05010146'),(342,'VARUN CHAWLA','05010147'),(343,'ABHIJEET KUMAR ','06010101'),(344,'ABHIMANYU KUMAR ','06010102'),(345,'ABHISHEK ANAND ','06010103'),(346,'ABHISHEK KUMAR ','06010104'),(347,'ALLENKI RANJITH KUMAR ','06010105'),(348,'AMIT LUDGAR BHENGRA ','06010106'),(349,'ANKIT LEKHRA ','06010107'),(350,'ANKUR BASUMATARY','06010108'),(351,'ANURAG VERMA ','06010109'),(352,'ASHISH THAKUR','06010110'),(353,'ASHUTOSH DWIVEDI ','06010111'),(354,'BHAVANI SHANKAR ','06010112'),(355,'BONELA DILEEP ','06010113'),(356,'CHINTHALA SHIVAKUMAR REDDY ','06010114'),(357,'DEEPESH KUMAR MATHOLIA ','06010115'),(358,'G H SRIKANTH ','06010116'),(359,'G M ROHITH REDDY ','06010117'),(360,'GANESH KUMAR TSAVATAPALLI ','06010118'),(361,'GAURAV GUPTA ','06010119'),(362,'GAUTAM SEWANI ','06010120'),(363,'GOURAV ROY ','06010121'),(364,'GUNJAN AGGARWAL ','06010122'),(365,'GYANENDRA SINGH BAISWAR ','06010123'),(366,'HARISH REDDY MALLU ','06010124'),(367,'HARPREET SINGH ','06010125'),(368,'JASMEET SINGH JAGGI ','06010126'),(369,'JITENDRA KUMAR KHARADI ','06010127'),(370,'JOORMANA BRAHMA','06010128'),(371,'KUNAL GALAV ','06010129'),(372,'MADHUSUDHAN M ','06010130'),(373,'MANCHEM SANDEEP ','06010131'),(374,'MITTAPALLY VARUN VIHARI ','06010132'),(375,'NAPOLEAN DANG','06010133'),(376,'NEERAJ KUMAR ','06010134'),(377,'NITIN KUMAR GUPTA ','06010135'),(378,'OM PRAKASH MEENA ','06010136'),(379,'PRANAY KARNANY ','06010137'),(380,'PRAVEEN KANAKALA ','06010138'),(381,'PUNEET JINDAL ','06010139'),(382,'PURVA GOYAL ','06010140'),(383,'RAJ KAMAL KUMAR ','06010141'),(384,'RAJENDRA GARHWAL ','06010142'),(385,'RAVULA ANIRUDH ','06010143'),(386,'S TARA SASANK ','06010144'),(387,'SANAKINI SRIKAR ','06010145'),(388,'SATYAJEET KUMAR ','06010146'),(389,'SIDDHARTH JAIN ','06010147'),(390,'SIDDHARTH PRAKASH SINGH ','06010148'),(391,'SOMDUTT SHARMA ','06010149'),(392,'SRINADH BABU N ','06010150'),(393,'VAIBHAW CHANDRAKAR ','06010151'),(394,'VENKATA RAVIKIRAN SASTRY P ','06010152'),(395,'AKKALA ARJUN','02010206'),(396,'AMAN GUJARIA','02010208'),(397,'RAHUL SACHDEVA','02010229'),(398,'SASHIKANTA NAYAK','02010232'),(399,'ABHINAV DWIVEDI','03010201'),(400,'ABHINAV JALWAL','03010202'),(401,'ABHINAV SINGH','03010203'),(402,'ABHISHEK KUMAR SINGH','03010204'),(403,'S.V. ADITYA','03010205'),(404,'AKASH BHUNCHAL','03010206'),(405,'ANIL KUMAR','03010207'),(406,'ANVESH REDDY JUNNUTHULA','03010208'),(407,'ACHIT ARYA','03010209'),(408,'ASHNA DHANDA','03010210'),(409,'BUNZEN DEKA BARUAH','03010211'),(410,'V.K. REDDY CHOLLETI','03010212'),(411,'DANDA KARTHIK REDDY','03010213'),(412,'DEEPAK GARG','03010214'),(413,'E. SOWMYA SUDHA','03010215'),(414,'G. ANIL KUMAR','03010216'),(415,'K.V. RAGHAVENDRA REDDY','03010217'),(416,'KRITI SUNDAR DAS','03010218'),(417,'MADAT BRAHMA','03010219'),(418,'MANISH KUMAR','03010220'),(419,'AJAY MANTHA','03010221'),(420,'MOHIT JAJU','03010222'),(421,'NAMAN SARAF','03010223'),(422,'NARENDRA BABU POTENENI','03010224'),(423,'PAWAN KUMAR','03010225'),(424,'PRASHANT CHAUDHRY','03010226'),(425,'RAJDEEP SHYAM','03010227'),(426,'RAJEEV KUMAR','03010228'),(427,'RAJIB DAS','03010229'),(428,'RAVISH CHANDRA','03010230'),(429,'ROHIT KOMATI NENI','03010231'),(430,'SANJAY KUMAR VERMA','03010233'),(431,'SHYAM SINGH','03010234'),(432,'SUMIT SRIVASTAVA','03010235'),(433,'UDIT PAREEK','03010236'),(434,'V. VISHAL','03010237'),(435,'VAIBHAV BANSAL','03010238'),(436,'VISHAL SOOD','03010239'),(437,'Y. PRAVEEN KUMAR','03010240'),(438,'HIMANSHU NAZKANI','03010241'),(439,'KANCHAN MISHRA','03010242'),(440,'MOHD. YASSER AFTAB','03010243'),(441,'ABHAY SINGH','04010202'),(442,'ABHISHEK K B','04010203'),(443,'ABHISHEK SHEKHAWAT','04010204'),(444,'AMIT SHARMA','04010205'),(445,'ANSHUMAN SHUKLA','04010206'),(446,'ARUN KUMAR','04010208'),(447,'BASIREDDY ASHISH','04010209'),(448,'BHUPINDER KUMAR','04010210'),(449,'D KARTHEEK','04010211'),(450,'ENOSH NIKHIL C','04010212'),(451,'GURKIRAT SINGH','04010213'),(452,'HARPREET SINGH DHILLON','04010214'),(453,'HARSH FADNAVIS','04010215'),(454,'HEMANT YADAV','04010216'),(455,'HIMANSHU MADHESHIYA','04010217'),(456,'JAPSIMRAN SINGH','04010218'),(457,'JYOTHIBHASKARRAMARNADH V','04010219'),(458,'K ROHAN','04010220'),(459,'KAILASH PATIL','04010221'),(460,'KAMERA DAMODAR','04010222'),(461,'LAKKARAJU ADITYA TEJASWEE','04010223'),(462,'KRITIKA MURALIDHARAN','04010224'),(463,'MRINALINI D','04010225'),(464,'NARENDRA KUMAR','04010226'),(465,'NEERAJ KUMAR','04010227'),(466,'NIKHIL GIRDHAR','04010228'),(467,'PARUL CHOPRA','04010229'),(468,'PRACHI SINGHAL','04010230'),(469,'PRAMOD KUMAR B','04010231'),(470,'RAHUL MISHRA','04010232'),(471,'RAHUL SAHNI','04010233'),(472,'RANJITH KUMAR REDDY ILLURU','04010234'),(473,'ROMESH KHADDAR','04010235'),(474,'ROMIKA SINGH','04010236'),(475,'SANDEEP REDDY MUNNANGI','04010237'),(476,'SUDIP CHAKRABORTY','04010238'),(477,'VENU MADHAV G','04010239'),(478,'VIKRAM RANA','04010241'),(479,'VIVEK VANDRASI','04010242'),(480,'ABBU HASAN','04010243'),(481,'ABHAY KAPOOR','04010244'),(482,'ABHINAV ANAND','04010245'),(483,'AKASH BAID','04010246'),(484,'ANKIT','04010247'),(485,'HARSH AGGARWAL','04010248'),(486,'KUNDAN KANDHWAY','04010249'),(487,'NIHAR JHAWAR','04010250'),(488,'P. GANGI REDDY','04010251'),(489,'PRATIK KOTKAR','04010252'),(490,'RAGHU KHANNA','04010253'),(491,'A. KIRAN','05010201'),(492,'A. RACHANA REDDY','05010202'),(493,'ABHIJIT DUTTA','05010203'),(494,'AMIT KUMAR','05010204'),(495,'AMIT PAL','05010205'),(496,'ARAVAPALLI SAI MURALI KRISHNA','05010206'),(497,'ASHISH PATRO','05010208'),(498,'B. SHANKKAR','05010209'),(499,'BRIJESH SINGH','05010210'),(500,'DEEPANSHU VASAL','05010211'),(501,'DEEPJYOTI DEKA','05010212'),(502,'G NARESH','05010213'),(503,'GAURAV SHARDA','05010214'),(504,'GOPAL JATIYA','05010215'),(505,'HARSH VARDHAN SINGH','05010216'),(506,'HIMANSHU DEEPAK','05010217'),(507,'HIMANSHU VERMA','05010218'),(508,'HRIDESH KUMAR SHROTRIYA','05010219'),(509,'K. SRINIVAS REDDY','05010220'),(510,'M RAGHU RAM REDDY','05010221'),(511,'MOHIT KHURANA','05010222'),(512,'NEELESH SRIVASTAVA','05010223'),(513,'NIMISH KULSHRESTHA','05010224'),(514,'NIRAJ KUMAR MURARKA','05010225'),(515,'NUTHALAPATI PRIYANKA','05010226'),(516,'P. ADITYA SRINIVASA RAO','05010227'),(517,'PIKKILI HEMANTH','05010228'),(518,'POLE SHIVA KUMAR','05010229'),(519,'PUNEET LAKHANPAL','05010230'),(520,'RAHUL SANGWAN','05010231'),(521,'SAI RAVI KIRAN C','05010232'),(522,'SHARAD SONKER','05010233'),(523,'SHAURYA AGRAWAL','05010234'),(524,'SHRAWAN KUMAR','05010235'),(525,'SIDDHARTHA GUNDA','05010236'),(526,'SOORAM PRAVEEN','05010237'),(527,'SOURABH SRIOM','05010238'),(528,'SRI HARSHA KODALI','05010239'),(529,'SUHAS MISHRA','05010240'),(530,'TALLA VAMSI','05010241'),(531,'TRAPTI PATIL','05010242'),(532,'UPMA SINGH','05010243'),(533,'VAISHNAVI M','05010244'),(534,'VIKRAM JIT SINGH','05010245'),(535,'VINAY KUMAR DEEKONDA','05010246'),(536,'ABHISHEK JAIN ','06010201'),(537,'AKSHAY KUMAR ','06010202'),(538,'AMIT KUMAR ','06010203'),(539,'AMIT KUMAR VIJAY RAJAN ','06010204'),(540,'ANIL KUMAR ','06010205'),(541,'ANKUR GANDHE ','06010206'),(542,'ANSHUL BATWARA ','06010207'),(543,'ARPIT GUPTA ','06010208'),(544,'ATUL KUMAR SANCHETI ','06010209'),(545,'CHANDAN ','06010210'),(546,'D VIKAS ','06010211'),(547,'DIVAY MANHAS ','06010212'),(548,'DOBBIDI ASHOK KUMAR ','06010213'),(549,'GINJALA AKASH REDDY ','06010214'),(550,'HAREESH REDDY SHAMIRPETA ','06010215'),(551,'HARPREET SINGH ','06010216'),(552,'JITENDRA VERMA ','06010217'),(553,'K SANKARA SASTRY ','06010218'),(554,'KARAN SIKKA ','06010219'),(555,'KARANDEEP SINGH CHAWLA ','06010220'),(556,'MADAVI NAGARAJU ','06010221'),(557,'MADHUKIRAN KORRAPATY ','06010222'),(558,'MAHENDRA KUMAR MEENA','06010223'),(559,'MANISH KUMAR ','06010224'),(560,'MUKUND R ','06010225'),(561,'NAVEESH NAYAR ','06010226'),(562,'NITESH SINHA ','06010227'),(563,'PANKAJ KUMAR SINGH ','06010228'),(564,'PRINCE KUMAR ','06010229'),(565,'PUKHRAJ MEENA','06010230'),(566,'RAJNISH KUMAR ','06010231'),(567,'RAKESH KRISHNA VELAMA ','06010232'),(568,'RAM KRISHNA ','06010233'),(569,'RAVI ARVIND GUPTA ','06010234'),(570,'RAVI CHARAN MANNE ','06010235'),(571,'SANJAY AHUJA ','06010236'),(572,'SARABJOT SINGH ','06010237'),(573,'SATYAM SHEKHAR ','06010238'),(574,'SAURABH CHAURDIA ','06010239'),(575,'SHASHANK GOEL ','06010240'),(576,'SHYAM AGARWAL ','06010241'),(577,'SIDDHARTHA TRIVEDI ','06010242'),(578,'T SUJIT REDDY ','06010243'),(579,'TANUJ KUMAR LODHI ','06010244'),(580,'VAMSI KRISHNA ITAPHU ','06010245'),(581,'VANLALHRIATA','06010246'),(582,'VISHAL BHOLA ','06010247'),(583,'VIVEK KUMAR PANDEY','06010248'),(584,'ABHISHEK MISHRA','03010301'),(585,'ANAS VIQUAR','03010302'),(586,'ANKUR PAHUJA','03010303'),(587,'ATUL KUMAR GARG','03010304'),(588,'CHAITHANYA KUMAR CHOLLETI','03010305'),(589,'DANI RISSANG','03010306'),(590,'DEEPAK KUMAR','03010307'),(591,'DEEPANKAR GARG','03010308'),(592,'G. RAJKUMAR','03010309'),(593,'SOHIL GARG','03010310'),(594,'GAURAV JINDAL','03010311'),(595,'MONOJ KOSURU VENKATA','03010314'),(596,'K. VIDYA SAGAR','03010315'),(597,'KISHORE AGGARWAL','03010316'),(598,'KOLAN SREEKANTH','03010317'),(599,'LEKSAR MODI','03010318'),(600,'MOHAMMAD SHADAN','03010319'),(601,'NAKUL SINGH SEKHAWAT','03010320'),(602,'NIKHIL CHANDRA BEHERA','03010322'),(603,'NIRDOSH KUMAR','03010323'),(604,'NITISH KUMAR ROY','03010324'),(605,'NOOTHI RAVI KIRAN','03010325'),(606,'PRATEEK PRASAD','03010326'),(607,'PUNEET CHHABRA','03010327'),(608,'RAHUL KUMAR','03010328'),(609,'RAJPREET SINGH','03010329'),(610,'RAVI GUPTA','03010330'),(611,'RAVI KUMAR PATNI','03010331'),(612,'MEENA SANJEEV KUMAR','03010332'),(613,'G. SASI SEKHAR','03010333'),(614,'SAURABH GARG','03010334'),(615,'SHILENDRA KUMAR MISHRA','03010335'),(616,'SHRAWAN KUMAR NIRALA','03010336'),(617,'JASPREET SINGH','03010339'),(618,'SUDHANSHU KUMAR','03010340'),(619,'AZAD SUDHENDU','03010341'),(620,'VENU YARAMSHETTI','03010342'),(621,'VIVEK KUMAR','03010343'),(622,'YOGESH YADAV','03010344'),(623,'A VIJAY ANAND','04010301'),(624,'ADITYA TANEJA','04010303'),(625,'ALOK VERMA','04010305'),(626,'ANTRIKSH SINGH','04010307'),(627,'ANUP RAJ','04010308'),(628,'ASEEM BANSAL','04010309'),(629,'BED PRAKASH GUPTA','04010310'),(630,'BIKRAMJIT S BHATIA','04010311'),(631,'BODLA KARTHIK KUMAR','04010312'),(632,'BOLLAPRAGADA VARUN','04010313'),(633,'CH VAMSI KRISHNA','04010314'),(634,'CHAITANYA K R S','04010315'),(635,'GANGAVARAPU SARVESH','04010316'),(636,'GAURAV KUMAR','04010317'),(637,'KAMAL KANT MAURYA','04010319'),(638,'KANAD SHAURYA','04010320'),(639,'KARTHIK C','04010321'),(640,'KIRAN PRAKASH','04010322'),(641,'KSHITIJ MAHESHWARI','04010323'),(642,'KUNAL KUMAR','04010324'),(643,'M NELSON','04010326'),(644,'MAYANK SINGH','04010327'),(645,'N BHARATH REDDY','04010328'),(646,'NAVEEN VYAS','04010330'),(647,'PALLE RAGHAVENDRA PRASAD','04010333'),(648,'PANKAJ SHARMA','04010334'),(649,'PAWAN KUMAR','04010335'),(650,'PRIYESH SINHA','04010336'),(651,'R V SIVA NIKHIL','04010337'),(652,'RAVI KUMAR ASSUDANI','04010338'),(653,'RAVI SHANKAR','04010339'),(654,'ROHIT KANSAY','04010340'),(655,'ROHIT MITTAL','04010341'),(656,'SANJEEV KUMAR','04010342'),(657,'SATISH MITTAL','04010343'),(658,'SAURABH GARG','04010344'),(659,'SHAMIT SHRIVASTAVA','04010345'),(660,'SOURABH AGARWAL','04010346'),(661,'SOURABH BORUAH','04010347'),(662,'SULABH KAKKAR','04010348'),(663,'SUMANTH DONTHARAJU','04010349'),(664,'UMA MAHESWAR VATTIKUTI','04010350'),(665,'VARUN CHAUDHURY','04010351'),(666,'VIJAY KUMAR VERMA','04010352'),(667,'VINAY MATHUR','04010353'),(668,'VIVEK BHARTI','04010354'),(669,'YAMBEM VOLGA SINGH','04010355'),(670,'ANJAN JYOTI HIRA','04010356'),(671,'AMIT KUMAR BHARDWAJ','05010301'),(672,'ANKIT UPADHYAY','05010302'),(673,'ANUJ NAYYAR','05010303'),(674,'ANURAG','05010304'),(675,'ASHISH KUMAR KHETAN','05010305'),(676,'ATANU BHUYAN','05010306'),(677,'ATUL KUMAR SOTI','05010307'),(678,'AYUSH ARORA','05010308'),(679,'BALLARI SAGARKUMAR SATYANARAYAN','05010309'),(680,'BALWINDER SINGH','05010310'),(681,'CHINMAYA MITTAL','05010312'),(682,'GAURAV CHADHA','05010313'),(683,'GAURAV CHAND','05010314'),(684,'HARSH MEHTA','05010315'),(685,'HEMANTH BOYAPATI','05010316'),(686,'HMANTHA WANGSHUL','05010317'),(687,'KALLA SIDDHARTH','05010318'),(688,'KEDAR VIJAY BODAS','05010319'),(689,'KUMAR SAMPURNANAND','05010320'),(690,'LOKESH SAINI','05010321'),(691,'M. VIJAY KUMAR','05010322'),(692,'MANIK GOOMER','05010323'),(693,'MOHIT TYAGI','05010324'),(694,'N. RAJESHKUMAR','05010325'),(695,'NARENDRA SINGH','05010326'),(696,'NAVEEN TANWAR','05010327'),(697,'NISHANT PRAKHAR','05010328'),(698,'NISHANT RANJAN','05010329'),(699,'PANKAJ SINGH','05010330'),(700,'PRANAY K. DESAI','05010331'),(701,'PRANJAL KUMAR DAS','05010332'),(702,'PRATHYSHA M','05010333'),(703,'PURUSHOTAM KUMAR','05010334'),(704,'RAHOL OSWAL','05010335'),(705,'RAHUL ANURAG','05010336'),(706,'RAHUL KUMAR VERMA','05010337'),(707,'RATNESH KUMAR','05010338'),(708,'RAVI KISHORE','05010339'),(709,'ROHIT PANDE','05010340'),(710,'SAMEER AGARWAL','05010341'),(711,'SAMEER PANDEY','05010342'),(712,'SANDIP KUMAR SARMA','05010343'),(713,'SANJEEV KUMAR','05010344'),(714,'SAURABH MATHUR','05010345'),(715,'SIDDHANT BIJAYAPRASAD MISHRA','05010346'),(716,'SIVARAJU SARAT CHANDRA','05010347'),(717,'SUBODH KUMAR NIRALA','05010348'),(718,'TARUN KUMAR','05010349'),(719,'UDAY PRAKASH SAHU','05010350'),(720,'VAIBHAV KUMAR','05010351'),(721,'VEDANG SINGH','05010352'),(722,'ABHISHEK KUMAR ','06010301'),(723,'ADARSH BIKASH SAIKIA','06010302'),(724,'AJAY MALIK ','06010303'),(725,'AKASHDEEP SINGH VIRK ','06010304'),(726,'AKHILESH KUMAR ','06010305'),(727,'AMIT GOYAL ','06010306'),(728,'AMIT KUMAR BALODA ','06010307'),(729,'ANKIT SINGH ','06010308'),(730,'ANURAG KUMAR NILESH ','06010309'),(731,'ARUN KUMAR NIRALA ','06010310'),(732,'B V S K CHAITHANYA KAKI ','06010311'),(733,'BHANU PRATAP SINGH RANA ','06010312'),(734,'BHUSHAN KUMAR SOREN','06010313'),(735,'BIBEKANANDA MURMU','06010314'),(736,'CHANDRAKANT TANDON ','06010315'),(737,'D V PHANI CHANDRA SEKHAR Y ','06010316'),(738,'DEBENDRA BAHADUR SINGH DHARUA ','06010317'),(739,'DEEPAK SHILPI ','06010318'),(740,'GOVIND MOHAN ','06010319'),(741,'GRANDHI PRADEEP KUMAR ','06010320'),(742,'GUTHANA SAIRAM ','06010321'),(743,'KOPRA PRASHANTH CHAUHAN','06010322'),(744,'M USHA KIRAN ','06010323'),(745,'MAHAVEER PRASAD AGARWAL ','06010324'),(746,'MUSHYAM ADITYA ','06010325'),(747,'NARESH NALLAMALA ','06010326'),(748,'NAVEEN KUMAR BASWAL ','06010327'),(749,'NAVNEET TYAGI ','06010328'),(750,'NISHED SINGHAL ','06010329'),(751,'NITIN KISHORE ','06010330'),(752,'PANKAJ KUMAR SANGWAN ','06010331'),(753,'PRABHA SHANKAR ','06010332'),(754,'PRADEEP SAGWAL ','06010333'),(755,'PRATIK SACHAN ','06010334'),(756,'RAGHUVARDHAN REDDY SURAM ','06010335'),(757,'RAKESH KUMAR ','06010336'),(758,'ROHIT KOOLWAL ','06010337'),(759,'ROHIT SINGHAL ','06010338'),(760,'S SATYA KALYAN ','06010339'),(761,'SANSIDDHA PANI ','06010340'),(762,'SAURABH MUNDEJA ','06010341'),(763,'SHALABH MALHOTRA ','06010342'),(764,'SHESHANK VERMA ','06010343'),(765,'SHIVAKUMAR S ','06010344'),(766,'SHYAM KISHOR SHARMA ','06010345'),(767,'SIDDHARTH BHATPAHARI ','06010346'),(768,'SIDDHARTH MEHTA ','06010347'),(769,'SIDDHARTHA KAMBALA ','06010348'),(770,'SIRUGUDI YASASWI ','06010349'),(771,'SUMAN KUMAR ','06010350'),(772,'SURESH R ','06010351'),(773,'SUSHANT KUMAR ','06010352'),(774,'UDIT VARSHNEY ','06010353'),(775,'YASH DALMIA ','06010355'),(776,'ABHISHEK KUMAR SINGH','03010401'),(777,'ANIKENDRA DAS CHOUDHURY','03010402'),(778,'ANIMESH DAS','03010403'),(779,'BHAVYA KUMAR JAIN','03010404'),(780,'DEBRAJ NASKER','03010405'),(781,'IPPLI SRIRAMAMURTHY','03010406'),(782,'IRUKU UDAY SEKHAR','03010407'),(783,'K. RAJENDRA PRASAD REDDY','03010409'),(784,'KORLA SURESH','03010411'),(785,'DIWAKAR KUMAR','03010412'),(786,'MRINAL VERMA','03010415'),(787,'NISHANT GARG','03010416'),(788,'PRASANTH BABU D.C.','03010418'),(789,'J. PRASANTH KUMAR','03010419'),(790,'PRASANTH KUNAPANENI','03010420'),(791,'RAHUL PUTHA','03010421'),(792,'RAHUL VAISH','03010422'),(793,'RAJEEV RANJAN KUMAR','03010423'),(794,'RAM LAL BANSIWAL','03010424'),(795,'ROHIT KUMAR RAI','03010425'),(796,'RAHUL REDDY SEELAM','03010426'),(797,'SAURABH GANGWAL','03010428'),(798,'SHIVARAM RANJITH H.','03010429'),(799,'SUBODH JAIN','03010430'),(800,'SUDARSHAN SARAF','03010431'),(801,'SULTAN AHMED','03010432'),(802,'TRULY MITTAL','03010433'),(803,'VAIBHAV AGGARWAL','03010434'),(804,'VENKATABHARGAV GARIMELLA','03010435'),(805,'VINEETJAIN','03010436'),(806,'YOGENDRA KUMAR JAIN','03010437'),(807,'A SRIKANTH','04010401'),(808,'ANTHONY KIRAN KUMAR POLAMARASET','04010403'),(809,'ANURAG BHARTIA','04010404'),(810,'B SANTOSH','04010406'),(811,'BHASKAR PANT','04010407'),(812,'CHIGURUPATI SRI HARSHA','04010408'),(813,'DADI SIREESH KUMAR','04010409'),(814,'ELLA SHALPARNI','04010410'),(815,'GUDDATI SATISH KUMAR','04010412'),(816,'GURU CHAITANYA GANTA','04010413'),(817,'H ARJUN','04010414'),(818,'KAMBHAMPATI KRISHNA TEJASVI','04010415'),(819,'MADHUR GUPTA','04010416'),(820,'MOHAMMAD SHIRAJ','04010417'),(821,'MONOJEET SINHA','04010418'),(822,'NIDHI GUPTA','04010419'),(823,'NIPUN POPLI','04010420'),(824,'ROHIT SHANKAR','04010423'),(825,'ROSHAN AGRAWAL','04010424'),(826,'SANDEEP GHORAWAT','04010425'),(827,'SAURABH KASTURIA','04010426'),(828,'SUJEETH REDDY KOMMIDI','04010428'),(829,'SURENDRA NADH SOMALA','04010429'),(830,'YUNUS KAMAL','04010431'),(831,'AISHVARYA AGARWAL','05010401'),(832,'AKSHAY KUMAR','05010402'),(833,'ANJANEYA VIKRAM SINGH','05010403'),(834,'ARCHANA ARBIND','05010404'),(835,'BHARADWAJ D. RYAKA','05010405'),(836,'CHANDAN KUMAR','05010406'),(837,'CHANDAN KUMAR','05010407'),(838,'CHANDRA BHUSHAN SINGH','05010408'),(839,'DEVENDRA UPADHYAY','05010409'),(840,'DHAVAL ANIL SANGANEE','05010410'),(841,'KULDEEP SINGH BORA','05010411'),(842,'MUKALA PRAVEEN KUMAR','05010413'),(843,'NAVDEEP JAKHAR','05010414'),(844,'RAJNISH KUMAR','05010416'),(845,'ROHIT BAHL','05010417'),(846,'S. ROHIT KUMAR','05010419'),(847,'SANDEEP INJARAPU','05010420'),(848,'SHAILESH CHAUHAN','05010421'),(849,'SHASHANK REDDY K.','05010422'),(850,'SHEKHAR SINGH','05010423'),(851,'SIDDHARTH KRISHNA KUMAR','05010424'),(852,'V MANI DEEPAK GANAPATHI','05010425'),(853,'V. ROHIT','05010426'),(854,'V. SANTHOSH','05010427'),(855,'VARDHMAN CHAND RAI','05010428'),(856,'VARUN MARWAHA','05010429'),(857,'VENKATA ASHWIN CHANDER M','05010430'),(858,'VIPIN GUPTA','05010431'),(859,'Y.S. ARUN KUMAR','05010432'),(860,'YOGANAND MANDALI','05010433'),(861,'AAYUSH THAKUR ','06010401'),(862,'AJAY KUMAR JORWAL','06010402'),(863,'AJIT CHOUDHARY','06010404'),(864,'AKSHAY SINGH ','06010405'),(865,'AMBUJ KUMAR SRIWASTAVA ','06010406'),(866,'ANKIT BHATLA ','06010407'),(867,'ANKIT GARG ','06010408'),(868,'ANURAG UPADHYAY ','06010409'),(869,'ANURAN GAYALI ','06010410'),(870,'ASHISH KUMAR SINGH ','06010411'),(871,'ASHWANI KUMAR SINGH ','06010412'),(872,'BHARATH VELISHALA ','06010413'),(873,'BULBULE TRUPTI DEEPAK ','06010414'),(874,'C KRANTHI C REDDY ','06010415'),(875,'CHANDU NAMEWAR','06010416'),(876,'CHETAN PHANI PARCHURI ','06010417'),(877,'DINESH REKULAPALLY ','06010418'),(878,'GANDHI DEEP DILIP CHETNA ','06010419'),(879,'GAURAV KUMAR JHA ','06010420'),(880,'HEMANT KUMAR BHASKAR ','06010421'),(881,'JUNNURI KARTHIK ','06010422'),(882,'K GOUTHAM ABHILASH ','06010423'),(883,'KAMAL KUMAR ','06010424'),(884,'KARTHIK MALLADI','06010425'),(885,'KEZHIYUR ALBEN JOSE ','06010426'),(886,'MAYANK JAIN ','06010429'),(887,'MD KASHIF AHSAN ','06010430'),(888,'N S SHIVA PRASAD ','06010431'),(889,'NABA KUMAR MEDHI ','06010432'),(890,'NAGA VENKAT ADURTHI ','06010433'),(891,'NIPUN SEHRAWAT ','06010434'),(892,'PARTHA SARKAR ','06010435'),(893,'PRABAL PRATAP SINGH ','06010436'),(894,'PRABHAS RANJAN GUPTA ','06010437'),(895,'PRABHAT AGRAWAL ','06010438'),(896,'PRARTHANA MAJUMDAR ','06010439'),(897,'RAHUL KUMAR VERMA','06010440'),(898,'RAM RANDHIR KUMAR ','06010441'),(899,'RAM SHANKER ','06010442'),(900,'RAMNIK SINGH MALHI ','06010443'),(901,'RUPESH KUMAR ','06010444'),(902,'SALIL SHARMA ','06010445'),(903,'SHOBHANAND ANIL KUMAR','06010446'),(904,'SHREY SULTANIA ','06010447'),(905,'SRIPURAM SRIKANTH REDDY ','06010448'),(906,'SUJEET KUMAR MODI ','06010449'),(907,'SUNIL KUMAR ','06010450'),(908,'TUSHAR LILA ','06010451'),(909,'VARUN AGARWAL ','06010452'),(910,'Y NISHANTH BABU ','06010453'),(911,'MANISH KAUSHIK','02010614'),(912,'ANMOL KIRAN','03010601'),(913,'AVADUTALA BALASUBRAHMANYAM','03010602'),(914,'B. SANDEEP','03010603'),(915,'RAVI SHANKAR BATTA','03010604'),(916,'GURTEJ SINGH','03010606'),(917,'K. KAMAL KISHORE','03010607'),(918,'MOHENISH JAISWAL','03010609'),(919,'NILAKSHI DAS','03010610'),(920,'NISHA RAJAGOPAL','03010612'),(921,'OM PRAKASH CHOUDHARY','03010613'),(922,'P. V. DURGA PRASAD','03010614'),(923,'PURKANTI RAMYA','03010615'),(924,'SAHIL CHAUDHRY','03010616'),(925,'TITTU THOMAS NELLIMOOTTIL','03010617'),(926,'SARAF TUSHAR GAJANAN','03010618'),(927,'RAVI SHANKAR VEMURI','03010619'),(928,'RYAKALA VENKATA KISHORE','03010620'),(929,'VIKAS SHARMA','03010621'),(930,'VIKRAM YADAV','03010622'),(931,'ABHINAV LUTHRA','04010601'),(932,'AMLENDU PRABHAKAR','04010602'),(933,'ANGAD SINGH','04010603'),(934,'ANKIT GUPTA','04010604'),(935,'ANKUR GUPTA','04010605'),(936,'ANSHUMA MANGTANI','04010606'),(937,'ANUP AGARWAL','04010607'),(938,'AVNISH DESHPANDE','04010608'),(939,'BISHAL KUMAR SINGH','04010609'),(940,'CHAITHANYA MANDA','04010610'),(941,'HARI SINGHAL','04010611'),(942,'I VIKRAM KUMAR GOUD','04010612'),(943,'JAIDEEPAK PARVATINA','04010613'),(944,'JANARDHAN KUMAR AMBURI','04010614'),(945,'RAJARSHI PRATAP SINGH PARIHAR','04010616'),(946,'RAJAT ANAND','04010617'),(947,'RAUNAK JAIN','04010618'),(948,'SAIPHANINDRA V','04010619'),(949,'SOURABH BHANDARI','04010620'),(950,'SUBIT SAURAV','04010621'),(951,'SUMIT AGARWAL','04010622'),(952,'GAURAV DWIVEDI','04010624'),(953,'ADITYA UPADHYAY','05010601'),(954,'AKSHAY MISHRA','05010602'),(955,'ANIRUDDH JAIN','05010603'),(956,'CH V S RAVI SHANKAR','05010604'),(957,'CHANDRA SHEKHAR SINGH','05010605'),(958,'CHAVAN YADAV','05010606'),(959,'G. ADITHYA SAGAR','05010607'),(960,'GAJULA ABHILASH','05010608'),(961,'GARIMA VIJAY','05010609'),(962,'GAURAV CHAUHAN','05010610'),(963,'K. VENU','05010611'),(964,'MAYUR AGRAWAL','05010612'),(965,'MOHAMMAD THAUSEEF','05010613'),(966,'MOHIT CHAUHAN','05010614'),(967,'NAREN BARIGELA','05010615'),(968,'P RAMESH NADH','05010616'),(969,'RAHUL CHARAN','05010617'),(970,'RAHUL VIG','05010618'),(971,'RISHAB PARASHAR','05010619'),(972,'RISHUBH DEV','05010620'),(973,'SHASHANK JAISWAL','05010621'),(974,'SHIVENDRA BHUSHAN PANDEY','05010622'),(975,'SYED BAQUER RIZVI','05010623'),(976,'UDAY KUMAR','05010625'),(977,'V RAJ KIRAN KOLLIMARLA','05010626'),(978,'VIVEK SINGH RAWAT','05010627'),(979,'ABHINAV MADHOK ','06010602'),(980,'ABHINAV SHUKLA ','06010603'),(981,'ADITYA M ','06010604'),(982,'ANUJ KUMAR','06010605'),(983,'ANURAG KHARE ','06010606'),(984,'ARVIND SHARMA ','06010607'),(985,'CHAMARTHI HAREESH ','06010608'),(986,'DEEPAK KUMAR SUMAN','06010609'),(987,'DIGVIJAY SINGH ','06010610'),(988,'GAYATRI RAO TADINADA ','06010611'),(989,'K AKSHAY ','06010612'),(990,'K BALA GURUDUTTA SAAMRAT ','06010613'),(991,'K V NITIN ','06010614'),(992,'KORIDE SARITA ','06010615'),(993,'M S SUDARSAN ','06010616'),(994,'MANUJ MUNDRA ','06010617'),(995,'NIKHIL YADAV ','06010619'),(996,'P BHARGAVI ','06010620'),(997,'PANKAJ PARAG ','06010621'),(998,'PEEHOO DEWAN ','06010622'),(999,'PEEYUSH KUMAR SINGH','06010623'),(1000,'S KRISHNA BINDU ','06010624'),(1001,'SABITOJ SINGH VIRK ','06010625'),(1002,'SAUMITRA KARMAKAR ','06010626'),(1003,'SHANTANU RAGHAV ','06010627'),(1004,'SHILPI HARISH ','06010628'),(1005,'SIDDHARTH GUPTA ','06010629'),(1006,'SUDHANSHU SHEKHAR ','06010630'),(1007,'SUSHIL KUMAR SHAKYAWAR ','06010631'),(1008,'TEJESH EATI ','06010632'),(1009,'VIKAS GUPTA ','06010633'),(1010,'VIKASH SISODIA ','06010634'),(1011,'VIPIN RANGA','06010635'),(1012,'ANKIT DUBEY','02010705'),(1013,'A. DAMODAR REDDY','03010701'),(1014,'ABHIGYAN GUPTA','03010702'),(1015,'BHALINDER SINGH GILL','03010704'),(1016,'BORKAR CHETAN PUNDLIK','03010705'),(1017,'GIRISH KUMAR AGARWAL','03010707'),(1018,'GULREJ KAKKAR','03010708'),(1019,'GUNDEEP SINGH SAINI','03010709'),(1020,'JITENDRA KUMAR VERMA','03010710'),(1021,'SAURABH KUMAR','03010712'),(1022,'NAYANAK SINGLA','03010714'),(1023,'NEHA TOMAR','03010715'),(1024,'SAURABH DHIR','03010716'),(1025,'SIDDHARTHA PUROHIT','03010717'),(1026,'SOURABH SHRIVASTAVA','03010718'),(1027,'UMANG CHHABRA','03010720'),(1028,'VINAY KUMAR','03010722'),(1029,'VIVEK INDER SHARMA','03010723'),(1030,'WRISHIKESH SUTRADHAR','03010724'),(1031,'JOYDEEP BARMAN','03010725'),(1032,'AASHISH GOEL','04010701'),(1033,'ADITYA AGRAWAL','04010703'),(1034,'AMIT AHUJA','04010704'),(1035,'ANKIT AGRAWAL','04010706'),(1036,'ANKIT DODA','04010707'),(1037,'DEEPAK NANWANI','04010708'),(1038,'K KRISHNA CHAITANYA','04010709'),(1039,'NIKHIL MITTAL','04010710'),(1040,'P MANISH','04010711'),(1041,'PEDDIREDDY KARTHIK REDDY','04010712'),(1042,'PRANIT JOSHI','04010713'),(1043,'PRIT RANJAN','04010714'),(1044,'RAHUL BHAVSAR','04010715'),(1045,'RAHUL SAXENA','04010716'),(1046,'RAJDEEP DEB','04010717'),(1047,'RAKESH KUMAR','04010718'),(1048,'RIPUDAMAN MANCHANDA','04010719'),(1049,'SATISH JAMI','04010720'),(1050,'SHUSHIL KUMAR','04010721'),(1051,'SRIDHAR GOPAL','04010722'),(1052,'TULSI RAM','04010724'),(1053,'AJITH MOPARTHI','05010701'),(1054,'AKSHAY AGARWAL','05010702'),(1055,'ASHISH KUMAR','05010703'),(1056,'B. NAGA PRADEEP KUMAR','05010705'),(1057,'BIKROM','05010706'),(1058,'BUDDHENDRA SHIV SHUKLA','05010707'),(1059,'DHEEERAJ SINGH TOMAR','05010708'),(1060,'HIMANSHU BHUTANI','05010709'),(1061,'KUNAL PRAKASH MISHRA','05010711'),(1062,'KUSHAL KUMAR SINHA','05010712'),(1063,'MANINDERJIT SINGH','05010713'),(1064,'NAVEEN CHERUKURI','05010714'),(1065,'NITIN MIGLANI','05010715'),(1066,'P. CHETAN KRISHNA','05010716'),(1067,'PRATIK DANGRA','05010717'),(1068,'PRODDUTURU MOUNICA','05010718'),(1069,'RAJESH SHARMA','05010719'),(1070,'ROHIT JOSHI','05010720'),(1071,'ROHIT MITTAL','05010721'),(1072,'ROHIT RAJ','05010722'),(1073,'SHILPI GUPTA','05010723'),(1074,'SIDHARTHA MOHANTY','05010724'),(1075,'TAKKALLAPALLI ROHIT RAO','05010725'),(1076,'UTPAL DAS','05010726'),(1077,'V. VENUGOPAL','05010727'),(1078,'VAMSHIKRISHNA YAMSANI','05010728'),(1079,'VIJAY KUMAR VERMA','05010729'),(1080,'VIJAYA SHANKAR D','05010730'),(1081,'YATIN PALIWAL','05010732'),(1082,'ABHINAV SHARMA','06010701'),(1083,'ABHINOV KUMAR?','06010702'),(1084,'ABHISHEK KUMAR','06010703'),(1085,'ABHISHEK MISHRA','06010704'),(1086,'ADITYA PRAKASH?','06010705'),(1087,'AJAY SAINI','06010706'),(1088,'AMIT KUMAR SINGH','06010707'),(1089,'ANSHUL JAIN','06010709'),(1090,'ARUNAV DAS?','06010710'),(1091,'BHAGAWAT RAWAT','06010711'),(1092,'CHANDAN KUMAR','06010712'),(1093,'DEEPAK KUMAR','06010713'),(1094,'GAURAV','06010714'),(1095,'HIMANK KHULBE?','06010715'),(1096,'KRISHNA KUMAR','06010716'),(1097,'LALAN KUMAR?','06010717'),(1098,'MANDEEP SINGH','06010718'),(1099,'MANISH KUMAR JAIN','06010719'),(1100,'MANOJ KUMAR SINGH','06010720'),(1101,'MOHD AKHTAR','06010721'),(1102,'MURAKONDA VENKATANKISHORE KUMAR','06010722'),(1103,'NALLA MYSURA REDDY','06010723'),(1104,'P HARISH REDDY','06010724'),(1105,'PANKAJ KUMAR','06010725'),(1106,'PIYUSH ANAND','06010726'),(1107,'PIYUSH MITTAL','06010727'),(1108,'PRANAY PINGLE','06010728'),(1109,'PRATEEK SACHDEVA','06010729'),(1110,'RAHUL VERMA','06010730'),(1111,'ROHIT KUMAR GUPTA','06010732'),(1112,'ROHIT KUMAR MEENA','06010733'),(1113,'SANDEEP JOSHI GANJI','06010734'),(1114,'SHIVDEEP GAAGAT','06010735'),(1115,'SIDDHARTH GAUR','06010736'),(1116,'SOURISH DEV MANDAL','06010737'),(1117,'SRI CHARAN YARLAGADDA','06010738'),(1118,'SURYAPRATAP SINGH','06010739'),(1119,'SWAGATIKA PRUSTY','06010740'),(1120,'VAIBHAV AGARWAL','06010741'),(1121,'VIKAS RAMESHCHANDRA BANJARA','06010742'),(1122,'AMIT ARYA ','06012301'),(1123,'ANIKET BATRA ','06012302'),(1124,'APOORV BORDIA ','06012303'),(1125,'APOORV GUPTA ','06012304'),(1126,'ASHISH KUMAR AMBAST ','06012305'),(1127,'C POORNA CHANDRA ','06012306'),(1128,'HIMANSHU BHATIA ','06012307'),(1129,'MADIGA RAJESH ','06012308'),(1130,'MOHIT JALAN ','06012309'),(1131,'PUGAONKAR ANIKET NARAYAN ','06012311'),(1132,'SANDEEP KUMAR CHAUDHARY ','06012312'),(1133,'SAURABH GUPTA ','06012313'),(1134,'SEKHAR ANAND B ','06012314'),(1135,'SOUMYA SARTHAK MISHRA ','06012315'),(1136,'SUDHEER REDDY BOLLA ','06012316'),(1137,'UJJWAL ARORA ','06012317'),(1138,'VENKATESH CHOWDARY YERRA ','06012318'),(1139,'YOGENDRA SINGH ','06012319'),(1140,'ABHISHEK KUMAR ','06012101'),(1141,'ANANDRAM S ','06012102'),(1142,'DAVE UTSAV DEEPAK ','06012103'),(1143,'DEEPIKA SHARMA ','06012104'),(1144,'DEEPTANSHU MANU JHA ','06012105'),(1145,'DILIP BETHANABHOTLA ','06012106'),(1146,'JISHNU M ','06012107'),(1147,'MEETH MAHARANA ','06012108'),(1148,'MOHIT YADAV ','06012109'),(1149,'NIKHIL KUMAR DUBEY ','06012110'),(1150,'P ANAND KUMAR ','06012111'),(1151,'PRATEEK SINGH ','06012112'),(1152,'RAVI SHANKAR BHAMIDIPATI ','06012113'),(1153,'RUPENDRA GAJBHIYE ','06012114'),(1154,'S ABHISHEK ','06012115'),(1155,'SHIBASHISH BEHERA ','06012117'),(1156,'SIDDHARTH MUTHUKRISHNAN ','06012118'),(1157,'FERDOUS AHMED BARBHUIYA','04410108'),(1158,'KIRAN KUMAR GUNDA','05410101'),(1159,'THATI VIKRANTH','05410102'),(1160,'RAHUL JAIN','05410103'),(1161,'GIRIRAJ CHAUHAN','05410104'),(1162,'VENKATESWARA KUMAR MAYLA','05410105'),(1163,'N. SATYANARAYANA','05410106'),(1164,'PRADNYESH U SAWANT','05410107'),(1165,'SUDHEER T','05410108'),(1166,'KAKARLA VEDADRI','05410109'),(1167,'SATISH KR. PALLERLA','05410110'),(1168,'T. KIRAN KUMAR','05410111'),(1169,'SOWJANYA CHAKRAVARTHI KAKUMANI','05410112'),(1170,'K. SUDHEER KUMAR','05410113'),(1171,'SONI P','05410114'),(1172,'BRAJESH KUMAR SHRIVASTAVA','05410115'),(1173,'K VINAY KUMAR','05410116'),(1174,'M. DURAPRASADA RAO','05410117'),(1175,'KOTHAVALE SUJIT TUKARAM','05410118'),(1176,'RAJESH SINGARAPU','05410119'),(1177,'RAM KUMAR RATHORE','05410120'),(1178,'PRAVAKAR GARNAYAK','05410121'),(1179,'S.V.VARUN','05410122'),(1180,'K.V.S.S.SINEESHA','05410123'),(1181,'K VINAY KUMAR','05410124'),(1182,'SRINIVAS YADAM','05410125'),(1183,'K NARENDRA','05410127'),(1184,'KAMAKHYA PRASAD GUPTA','05410128'),(1185,'V. RAGHU KUMAR','05410129'),(1186,'PATHARE SWAPNIL SHEKHAR','05410130'),(1187,'HARI PRASAD PERABATTULA','05410131'),(1188,'RANJAN MANDAL','05410132'),(1189,'GANDAMALLA BHARATH KUMAR','05410133'),(1190,'SUNEEL ANCHIPAKA','05410134'),(1191,'B. RAVI KUMAR','05410135'),(1192,'PAIDIKALVA ESWARAIAH','05410136'),(1193,'RASHMI DUTTA','05410138'),(1194,'UJWALA BARUAH ','05410139'),(1195,'ABHISHEK KUMAR','06410101'),(1196,'AJAY CHETRY','06410102'),(1197,'ANSHUL ZUNKE','06410103'),(1198,'BEZAWADA SUMAN REDDY','06410104'),(1199,'BHANOJI KANDALAM','06410105'),(1200,'BUDHARAPU SUKUMAR','06410106'),(1201,'CHANDRA SEKHARA RAO ROUTH','06410107'),(1202,'CHOKSHI DEVESH BHARATKUMAR','06410108'),(1203,'G S SATYAPRAKASH ','06410109'),(1204,'G.ESHWAR PRASAD','06410110'),(1205,'HARENDRA SINGH SOLANKI','06410111'),(1206,'KAMBLE NILESH VISHWAS','06410112'),(1207,'KULKARNI AMIT CHANDRASHEKHAR','06410113'),(1208,'LALIT GERA','06410114'),(1209,'LOKESH GIDRA','06410115'),(1210,'M. THIRUMALA SRIKANTH','06410116'),(1211,'MALLIKARJUNA RAO CH','06410117'),(1212,'NARASIMHA REDDY ANUMULA','06410118'),(1213,'NAVEEN KUMAR TULABANDULA','06410119'),(1214,'PREM KUMAR SALAGALA','06410120'),(1215,'RAJIB CHAKRABARTTY','06410121'),(1216,'RANJAY KUMAR SINGH','06410122'),(1217,'REDDY PRASAD PL','06410123'),(1218,'RUPESH KUMAR','06410124'),(1219,'SANDEEP KUMAR SAMUDRALA','06410125'),(1220,'SANTOSH AJMEERA','06410126'),(1221,'SANTOSH KUMAR SWAIN','06410127'),(1222,'SAWANT KIRAN PRAKASH','06410128'),(1223,'SIDDHARTH KUMAR RAI','06410129'),(1224,'SRINIVASARAO KORITALA','06410130'),(1225,'SUNIL KUMAR CHOWDHARY','06410131'),(1226,'SUNIL MELLIMI','06410132'),(1227,'VENKATA PRAVEEN BORRA','06410133'),(1228,'VENKATESH IYER','06410134'),(1229,'VIJAY CHOUDHARY','06410135'),(1230,'DEEPIKA GUPTA','06410136'),(1231,'LAKSHMI .K','06410137'),(1232,'NEHA AGRAWAL','06410138'),(1233,'SHRILATHA D','06410139'),(1234,'AMRITA BOSE PAUL ','06410140'),(1235,'SOUNAK PAUL ','06410141'),(1236,'RAMESHWAR NATH TRIPATHY ','06410142'),(1237,'BISWA MOHAN ACHARYA ','06410143'),(1238,'PALLAVI ADHYA','03410218'),(1239,'C. BALAJI','04410206'),(1240,'SUNDAR DANIEL VICTOR PEETHALA','05410201'),(1241,'E. JANAKI RAMULU','05410202'),(1242,'ANIL KUMAR VASANTHALA','05410204'),(1243,'PRASHANTH REDDY GADE','05410205'),(1244,'S. RAJENDRA PRASAD','05410206'),(1245,'KANCHUMARTI A.R.S. MANYAM','05410207'),(1246,'VAMSEE KALYAN BANDLAMUDI','05410208'),(1247,'PHANI KUMAR ALLADA','05410209'),(1248,'HIMA SAGAR KURRA','05410211'),(1249,'B. VIKAS','05410212'),(1250,'DASARI SHASHANKA','05410213'),(1251,'MUKKAVILLI RAVIKIRAN','05410214'),(1252,'G. MURALI KASYAP','05410215'),(1253,'NADENDLA VENKATESWARLU','05410216'),(1254,'A. VENKATA NARASIMHA DHAN','05410217'),(1255,'SHIVA KUMAR M.','05410218'),(1256,'GUDURU BHANU CHANDRA','05410219'),(1257,'SUNIL REDDY KUNDURU','05410220'),(1258,'NAVEEN CHERUKURI','05410221'),(1259,'K. ISSAAC','05410222'),(1260,'GOPAVARAM SIVAIAH','05410223'),(1261,'V. SIVA PRASAD RAO','05410224'),(1262,'DIPTO DEY ','05410226'),(1263,'SRIDHAR KALLAPUDI','05410228'),(1264,'AJAY DHINGRA','05410229'),(1265,'RAJESH KORRAYI','05410230'),(1266,'BODDURU APPALA NAGA RAJU','05410232'),(1267,'YUGANDHAR PATNANA','05410233'),(1268,'ANIL KUMAR VUTUKURU','05410234'),(1269,'T. VIDYA SAGAR','05410235'),(1270,'SATYAM LAMA','05410236'),(1271,'YANG SARING','05410237'),(1272,'K. KRISHNA CHAITANYA','05410238'),(1273,'RABUL HUSSAIN LASKAR ','05410240'),(1274,'BABURAJ P ','05410242'),(1275,'VIJAY KUMAR M','05410243'),(1276,'A.R. VAMSIDHAR','06410201'),(1277,'ADAVALLY ANIL KUMAR','06410202'),(1278,'ANKA RAO PUTLA','06410203'),(1279,'ARUN KUMAR JATTI','06410204'),(1280,'B. SANDEEP KUMAR','06410205'),(1281,'BALEMARTHY CHAITANYA DEEPAK','06410206'),(1282,'BANDI V SANDEEP REDDY','06410207'),(1283,'BATCHU KIRAN BABU','06410208'),(1284,'BOIDI PURUSHOTHAM','06410209'),(1285,'BRIJESH KUMAR GUPTA','06410210'),(1286,'CHINA SAIDA REDDY. CH.','06410211'),(1287,'CHINTAKAYALA VIJAY KUMAR','06410212'),(1288,'D.JOVIN VASANTH KUMAR','06410213'),(1289,'JEEVAN KUMAR R','06410214'),(1290,'JUMI HAZARIKA KAKOTY','06410215'),(1291,'KARTIK PODUGU','06410216'),(1292,'KOLUSU PAWAN TEJ','06410217'),(1293,'KOTHAMASU MANI KUMAR','06410218'),(1294,'KRISHNA CHAITANYA MAKKENA','06410219'),(1295,'M SHRADHANAND','06410220'),(1296,'M. MADHU KRISHNA','06410221'),(1297,'M. SRINIVASULU','06410222'),(1298,'M. VAMSI KRISHNA','06410223'),(1299,'MADAKA PURNA CHANDRA RAO','06410224'),(1300,'MRIDUPAWAN SONOWAL','06410225'),(1301,'MUPPALA RAJA HARSHA','06410226'),(1302,'MUSHTAQUE AHMED','06410227'),(1303,'NIKET AGRAWAL','06410228'),(1304,'P. SRINIVAS','06410229'),(1305,'PILLALAMARRI RAMU','06410230'),(1306,'RAVI KUMAR VADAPALLI','06410232'),(1307,'SANDEEP GHOLAP','06410233'),(1308,'SATYA KUMAR VANKAYALA','06410234'),(1309,'SAURABH KUMAR RUSIA','06410235'),(1310,'SUNIL KUMAR MAHESH','06410236'),(1311,'V. VARUN','06410237'),(1312,'VINOD. K','06410239'),(1313,'Y. V. SRAVAN KUMAR REDDY','06410240'),(1314,'YASH CHATURVEDI','06410241'),(1315,'SANJEEV KUMAR GUPTA ','06410242'),(1316,'MALAYA KUMAR NATH ','06410243'),(1317,'GUPTESWAR SAHU ','06410244'),(1318,'JANMEJAYA ROUT ','06410246'),(1319,'PRANGYA PARAMITA PRADHAN ','06410247'),(1320,'N. Mahendra','05410301'),(1321,'Benarjee Tumma','05410302'),(1322,'C. Naveen Kumar','05410304'),(1323,'Neeraj Carpenter','05410305'),(1324,'S. Swamy','05410307'),(1325,'Shounak Basak','05410309'),(1326,'Pasumarthy V.V.N. Prasad','05410310'),(1327,'Walsange Ganesh Dagadu','05410311'),(1328,'P. Naveen Kumar','05410312'),(1329,'Tammireddy Ramakrishna','05410313'),(1330,'Sreenivasaraju Chekuri','05410314'),(1331,'N. L. Sairam Babu .K','05410316'),(1332,'K. Chaitanya Mummareddy','05410317'),(1333,'S Varun','05410319'),(1334,'Sivaprasad Koralla','05410320'),(1335,'Parashar Ketan Sharad','05410321'),(1336,'Shashi Ranjan Kumar','05410322'),(1337,'Devangre Rahul B','05410324'),(1338,'Gopa Kishor Gummadi ','05410325'),(1339,'Bhaskar Agrawal','05410326'),(1340,'Kakularam Sailender Reddy ','05410327'),(1341,'Harish Alugoju','05410329'),(1342,'Manvendra M. Umekar','05410331'),(1343,'Chopade Ramchandra Prabhakar','05410332'),(1344,'Srinivas Yannabathula','05410335'),(1345,'Kapil Gupta','05410336'),(1346,'Chinige Sampath Kumar','05410337'),(1347,'Ohal Pravin Shridhar','05410338'),(1348,'Moode Ramamurthy Naik','05410339'),(1349,'Arun Difoe','05410340'),(1350,'Lonavath Dayanand','05410341'),(1351,'Rituraj Saikia','05410342'),(1352,'Mr. Uppugandla Madhava Krishna','05410343'),(1353,'Pavitra Singh','05410344'),(1354,'Ajoy Krishna Dutta','05410345'),(1355,'Prafulla Kumar Swain','05410346'),(1356,'A. Ravi Kumar','06410301'),(1357,'Ambati Apparao','06410303'),(1358,'Amit Kumar Rawal','06410305'),(1359,'Anil Kumar','06410306'),(1360,'Ashok Kumar','06410307'),(1361,'Bala Krishna Chimmineni','06410308'),(1362,'D.S. Vamsi Kiran','06410309'),(1363,'Deepak Kumar Verma','06410310'),(1364,'Deepjyoti Sonowal','06410311'),(1365,'Dhruba Jyoti Bordoloi','06410312'),(1366,'Dipendra Nath Mishra','06410313'),(1367,'G. Krishnaiah','06410314'),(1368,'G.R. Santosh Kumar','06410315'),(1369,'Harjeet Kumar Banjare','06410316'),(1370,'Kake Siva Sankar Reddy','06410317'),(1371,'Kamble Ajinath Hanmant','06410318'),(1372,'Kaushik B','06410319'),(1373,'Kaustubh Acharyya','06410320'),(1374,'Kinthada Veerababu','06410321'),(1375,'Kishore Kumar Boni','06410322'),(1376,'Kovalam Sunil Kumar','06410323'),(1377,'Lakavath Praveen Kumar','06410324'),(1378,'Lanjekar Rajan Deorao','06410325'),(1379,'Leeju C.J.','06410326'),(1380,'Manoj Kumar Sinha','06410328'),(1381,'Meeravali Shaik','06410329'),(1382,'Mohammad Arif','06410330'),(1383,'Mulpuri Ashok Kumar','06410331'),(1384,'N. Chakradhar','06410332'),(1385,'Neela Praveen Kumar','06410333'),(1386,'P. Manikandan','06410334'),(1387,'P. Venkateswarachoudari','06410335'),(1388,'Pandaba Patro','06410336'),(1389,'Pankaj Kalita','06410337'),(1390,'Patil Tushar Ashok','06410338'),(1391,'Pavithran Yanamadala','06410339'),(1392,'Pratap Bakke','06410340'),(1393,'Praveen Kumar G','06410341'),(1394,'Ramtekkar Rohit Balaji','06410342'),(1395,'Sandeep S','06410343'),(1396,'Santosh Basa','06410344'),(1397,'Sepena Venkata Ramana','06410345'),(1398,'Srinivas Madduri','06410346'),(1399,'Srinivasulu M','06410347'),(1400,'Sunil Balwant Deshpande','06410348'),(1401,'T.B. Pavan Kumar','06410349'),(1402,'Thammaneni Sreedhar Reddy ','06410350'),(1403,'Tirupathi Amgothu','06410351'),(1404,'Venkatarama Prasad N','06410352'),(1405,'W. Ravi Kumar','06410353'),(1406,'Venkata Naga Lakshmi Durga ','06410354'),(1407,'GOKUL BHUYAN','03410410'),(1408,'JONALI SAIKIA','03410412'),(1409,'B. BHARATH BHUSHAN REDDY ','05410403'),(1410,'C. SARAN','05410404'),(1411,'PREJITH POTTATHEERE','05410405'),(1412,'GANGIREDDY AMRUTHA LAKSHMI','05410406'),(1413,'SRUJANA PERADA','05410407'),(1414,'REDDY SAILAJA DEVI','05410408'),(1415,'CHINTAPALLI RAMPRASAD','05410409'),(1416,'ANAND RAMPAL DARLA','05410411'),(1417,'V. DINESH KUMAR','05410412'),(1418,'ABINASH BEHERA','05410413'),(1419,'YOGESH WADHWA','05410414'),(1420,'KOLLA VENKATANARAYANA','05410416'),(1421,'S. SREELATHA','05410417'),(1422,'C.? RAMANJANEYULU','05410419'),(1423,'KISTANNA G','05410421'),(1424,'JYOTSNA PEGU','05410422'),(1425,'G. CHANDRA PRAKASH','05410423'),(1426,'NINGOMBAM THOIBA SINGH','05410424'),(1427,'SINJAN DHAR','05410427'),(1428,'BASUDEV BISWAL','05410429'),(1429,'PADMANJALI VANKA','05410431'),(1430,'SUDIPTA KUMAR MISHRA','05410432'),(1431,'SUJAN DAS','05410435'),(1432,'BAKORDALIN KHARSYNTIEW','05410436'),(1433,'MRIGANKA DEKA','05410437'),(1434,'SUBHANKAR BANDYOPADHYAY','05410438'),(1435,'AVIJIT DAS','06410401'),(1436,'AVIJIT MAJUMDER','06410402'),(1437,'BHASKAR SINGH BONDILI','06410403'),(1438,'CHANDRAKANT PUSHKAR','06410404'),(1439,'K. SREEKANTHA REDDY','06410405'),(1440,'KALYAN MOY CHANDA','06410406'),(1441,'M. LONGSHITHUNG PATTON','06410407'),(1442,'M. VENKATAPRASAD','06410408'),(1443,'PALUKURI DAMARAKA','06410409'),(1444,'PERKA ASHOK','06410410'),(1445,'PURANIK VIVEK S.','06410411'),(1446,'RAHUL SINHA','06410412'),(1447,'RAMA RAO PARA','06410413'),(1448,'ROHIT DEVU','06410414'),(1449,'SAINATH BABU DUKKA','06410415'),(1450,'V. MANOHAR','06410416'),(1451,'V. RAVI KESAVA REDDY','06410417'),(1452,'VALLABHAREDDY N. RAO','06410418'),(1453,'VECHA NAGAPRAVEEN','06410419'),(1454,'NAGA BABU IMMADI','06410420'),(1455,'ABHIJIT DAS','06410421'),(1456,'BHASKAR JYOTI DEKA','06410422'),(1457,'GODUGULA PRAVEEN','06410425'),(1458,'HEMA KUMAR KANIPAKAM','06410426'),(1459,'KASHYAPE PARAG ARUN','06410427'),(1460,'MAHESH KUMAR MESHRAM','06410428'),(1461,'MURALI KRISHNA NANDIGAM','06410429'),(1462,'YARAVA VENKATASUBBAIAH','06410432'),(1463,'BORANA LALIT KUMAR','06410436'),(1464,'J. VIKRAM KUMAR','06410437'),(1465,'M. JAGADISH REDDY','06410438'),(1466,'M. JEEVAN REDDY','06410439'),(1467,'RAVI K','06410440'),(1468,'RIMIL BESRA','06410441'),(1469,'SANJOY BHOWMIK','06410442'),(1470,'THERUOVITUO','06410444'),(1471,'SANGEETA SHOUGRAKPAM ','06410445'),(1472,'NANI RINIYO','06410446'),(1473,'ABHISHEK KALVA','05410701'),(1474,'VISHWANATH CHOURASIA','05410702'),(1475,'KONREDDY GIRIBABU','05410704'),(1476,'THUMMALA JITHENDER REDDY','05410705'),(1477,'K. SENTHIL KUMAR ','05410706'),(1478,'UNMESH MENON','05410707'),(1479,'PRASANTH UPPALA ','05410708'),(1480,'SRINIVASULU KAALVA ','05410709'),(1481,'MOHAMMED HAFIZ O.K. ','05410711'),(1482,'MEDA VIJAY KUMAR ','05410712'),(1483,'HIRAK K SOLANKI ','05410713'),(1484,'SAVALAM RAVI KUMAR ','05410714'),(1485,'NARENDER KUMAR MORYA','05410715'),(1486,'HANUMAN NAIK SUGALI','05410716'),(1487,'MAHESH KUMAR GAGRAI','05410717'),(1488,'YERAGANI PRAVEEN','05410718'),(1489,'ANUPAM VERMA','05410719'),(1490,'I. VENKATARAMESH','05410720'),(1491,'ABHIJIT MAJHI','06410701'),(1492,'AIE CHENG KING CHOWLU','06410703'),(1493,'AMIT AHUJA','06410704'),(1494,'BALAKRUSHNA SAHU','06410706'),(1495,'C. JAYAGEETH','06410707'),(1496,'JAIJUS P.J.','06410708'),(1497,'KOLAVALI REDDY SURESH','06410709'),(1498,'MURALI KRISHNA BEERA','06410711'),(1499,'P. VENKATA SUMAN','06410712'),(1500,'PRAVEEN KUMAR BOMMAGANTI','06410713'),(1501,'PRAVEEN KUMAR T.','06410714'),(1502,'R. SUBBA REDDY','06410715'),(1503,'RAJAKUMAR MORE','06410716'),(1504,'RAMESH GUPTHA KOTHA','06410717'),(1505,'RAMESH KUPPA','06410718'),(1506,'REDDY BHASKARA RAO','06410719'),(1507,'SABUJ DAS','06410720'),(1508,'SESHA PRAVEEN ROMPICHERLA','06410722'),(1509,'SIMADRI ACHARYA','06410723'),(1510,'VAMSEE KRISHNA K','06410726'),(1511,'VENKATA RAO MIDATHANA','06410727'),(1512,'VIJAYA KUMAR BULASARA','06410728'),(1513,'SUCHETA SARKAR','06410729'),(1514,'CHAITANYA BIKKINA','06410730'),(1515,'BIDHAHA BAGH','05212201'),(1516,'DADU SHAIK ','05212203'),(1517,'DIPANKAR SAHA ','05212204'),(1518,'INDRANI BHATTACHARYYA','05212205'),(1519,'KOORA PRAVEEN KUMAR','05212206'),(1520,'MD. ASHIF ALI','05212207'),(1521,'NIRMAL KUMAR RANA','05212210'),(1522,'PARTHA PRATIM JANA','05212211'),(1523,'RAJIB CHOUDHURY','05212212'),(1524,'SANJAY SAMANTA','05212214'),(1525,'SARIFUDDIN GAZI','05212215'),(1526,'SHAON JOY','05212216'),(1527,'SOUMYAJIT DAS','05212217'),(1528,'SUBRATA KUMAR GHOSH','05212220'),(1529,'TAMAL KUMAR SEN','05212221'),(1530,'MRINMOY SAHA','05212222'),(1531,'ABHIMANYU BHATTACHARYA','06212201'),(1532,'ATANU DEY','06212202'),(1533,'BIKASH KALI DEY','06212203'),(1534,'BISWAJIT MISHRA','06212204'),(1535,'CHANCHAL HALDAR','06212205'),(1536,'CHIPPA VIJAY KUMAR','06212206'),(1537,'GOUTAM PRASANNA KAR','06212207'),(1538,'JHUMUR SETH','06212208'),(1539,'JOYDEB DAS','06212209'),(1540,'NIKHIL KUMAR MONDAL','06212211'),(1541,'NIPA CHONGDAR','06212212'),(1542,'PALLAB MONDAL','06212213'),(1543,'PRADIP KUMAR DUTTA','06212214'),(1544,'PRIYATOSH MANDAL','06212215'),(1545,'RAJA MITRA','06212216'),(1546,'SANTU SARKAR','06212217'),(1547,'SARAT CHANDRA DE','06212218'),(1548,'SOUMYA SARKAR','06212219'),(1549,'SUBHOJIT MAJUMDAR','06212220'),(1550,'SUBRAHMANYAM GUPTA G','06212221'),(1551,'SUMAN KUMAR BARMAN','06212222'),(1552,'SUMIT KUMAR','06212223'),(1553,'SUMIT KUMAR RAY','06212224'),(1554,'SUNIL RANA','06212225'),(1555,'SURESH BABU D','06212226'),(1556,'TAMAL DAS','06212227'),(1557,'TATHAGATA MUKHERJEE','06212228'),(1558,'ARNAB KANTI MISHRA','04212102'),(1559,'ANIRUDHA SARKAR','05212101'),(1560,'ANUPAMA SAINI','05212102'),(1561,'ASHIM CHAKRAVORTY','05212103'),(1562,'AURAB CHAKRABARTY','05212104'),(1563,'CH. RAGHU SAMPATH KUMAR','05212106'),(1564,'D N V VINAY AJAY BABU','05212107'),(1565,'G. AMEER BASHA','05212108'),(1566,'GIRI PRASAD MUTTA','05212109'),(1567,'LALRINTHARA PACHUAU','05212110'),(1568,'LINGAMALLU ANANTHA RAJESH','05212111'),(1569,'MUNI SWAMI NAIDU R.V.','05212112'),(1570,'N RAJA','05212113'),(1571,'PARTHA SAIKIA','05212114'),(1572,'PC LALNGILNEIA','05212115'),(1573,'PRAVEEN KOLLA','05212116'),(1574,'SAKINALA PRABHAKAR','05212118'),(1575,'SINDHUJA B','05212120'),(1576,'VAMSI KRISHNA CHERUKUMALLI','05212121'),(1577,'ABHIJIT CHAKRABORTY','06212101'),(1578,'ABHISHEK PAL','06212102'),(1579,'BAPPADITYA PAL','06212103'),(1580,'BHASKAR DAS','06212104'),(1581,'BHASKAR ROY BARDHAN','06212105'),(1582,'BOUL CHANDRA GARAI','06212106'),(1583,'CHIRANJIB NAYEK','06212107'),(1584,'DEBMALYA DAS','06212108'),(1585,'HEMANT KUMAR GAUTAM','06212109'),(1586,'KANNEPOGU NARASIMHARAO','06212110'),(1587,'KAUSTUV MANNA','06212111'),(1588,'MADUSUDANA REDDY V','06212112'),(1589,'MANABENDRA SHARMA','06212113'),(1590,'MEENU','06212114'),(1591,'PANITHI SIREESHA','06212115'),(1592,'PARAMITA DAS GUPTA','06212116'),(1593,'ROTHUAMA TOCHHAWNG','06212117'),(1594,'RUPAM MUKHERJEE','06212118'),(1595,'SANANDA BISWAS','06212119'),(1596,'SUDIPTA GUPTA','06212121'),(1597,'SUMANTA BHANDARY','06212122'),(1598,'SUMANTA CHATTOPADHYAY','06212123'),(1599,'SUPRIYA ROY','06212124'),(1600,'SYED MD AMIR','06212125'),(1601,'UDAY BHANU PRAMANIK','06212126'),(1602,'ULMAN KANCHAN AJIT','06212127'),(1603,'ANKUAR BHARALI','05212301'),(1604,'ARUNJYOTI SARMAH','05212302'),(1605,'BUDDHADEO MAHATO','05212303'),(1606,'DENNIS GABIL MOMIN','05212306'),(1607,'GYAN BAHADUR SONAR','05212307'),(1608,'MANISH KUMAR PATHAK','05212308'),(1609,'NEERAJ MISRA','05212309'),(1610,'NISHIGANDHA MISRA','05212311'),(1611,'PANKAJ NATH','05212312'),(1612,'PAWAN KUMAR','05212313'),(1613,'PORINITA CHUTIA','05212314'),(1614,'PRASENJIT BHOWMIK','05212315'),(1615,'RUKHSANA SHEHLA','05212316'),(1616,'SANJEEB KUMAR MOHAPATRA','05212317'),(1617,'SMIRITI AWASTHI','05212319'),(1618,'VENUGOPAL GADDAM','05212321'),(1619,'AMBATI NARENDRA REDDY','06212301'),(1620,'ANJAN SASMAL','06212302'),(1621,'ANJANEYULU KARINGU','06212303'),(1622,'ANUP KUMAR THANDER','06212304'),(1623,'ARAVINDKUMAR MARKA','06212305'),(1624,'BHASKARARAO BODDU','06212306'),(1625,'D HARI PRASAD','06212307'),(1626,'DEEKSHA CHUGH','06212308'),(1627,'DNSVL RAJESH REDDY','06212309'),(1628,'G MURALI MOHAN REDDY','06212310'),(1629,'GADE VEERANNA','06212311'),(1630,'GEETIKA DUTTA','06212312'),(1631,'GORE KUSHAL RAMESH','06212313'),(1632,'INDIMANDALA RAMESH','06212314'),(1633,'JYOTHSNA INKOLLU','06212315'),(1634,'LOKHANDE SWAPNIL ASHOK','06212316'),(1635,'MANDARPU BB SIVAKUMAR','06212317'),(1636,'MEHTA APURVA RAJENDRA','06212318'),(1637,'PEYAKUNTA PRANAVI','06212319'),(1638,'RAJESH S','06212320'),(1639,'UDAY PRATAP SINGH','06212322'),(1640,'VENKATESWARARAO KORITALA','06212323'),(1641,'AMEY KIRWAI','05030802'),(1642,'HANUMANULA MADHAV ADITYA','05030804'),(1643,'NEERAJ CHANDROL','05030806'),(1644,'PUSHAP CHAWLA','05030807'),(1645,'RAKENDRA KUMAR MISHRA','05030808'),(1646,'RAVI','05030809'),(1647,'SATISH G','05030810'),(1648,'ANJISHNU SARKAR ','06030802'),(1649,'ANUJ GUPTA ','06030803'),(1650,'ASHISH AGRAWAL ','06030805'),(1651,'C VIJAY GOPAL ','06030806'),(1652,'JANMAJAY PUROHIT ','06030809'),(1653,'LOVISH SINGLA ','06030810'),(1654,'NEELA NIHAR ','06030811'),(1655,'TITIKSHA DIKSHIT ','06030815'),(1656,'VISHNU MALPANI ','06030816'),(1657,'ASHISH SHARMA','0991505'),(1658,'ABHISHEK DHAL','03020501'),(1659,'AMIT BHARTI','03020502'),(1660,'DINSEH MAGAR','03020503'),(1661,'DIVYA GUPTA','03020504'),(1662,'KARTIKEYA SHANDILYA','03020505'),(1663,'LAKSHYAJEET GOGOI','03020506'),(1664,'MANSHU ANEJA','03020507'),(1665,'MONIL KHARE','03020508'),(1666,'NISHANT MUNGALI','03020509'),(1667,'PRASHANT DIXIT','03020511'),(1668,'SAURABH SRIVASTAVA','03020514'),(1669,'SHAIZ KUNHIMOHAMMED','03020515'),(1670,'SIDHARTH MOHAN KALLEPALLI','03020517'),(1671,'SUMIT NAIR','03020518'),(1672,'VEDANT MEHTA','03020519'),(1673,'VIKRAM BATRA','03020520'),(1674,'ADITYA BHANDARI','04020501'),(1675,'ADITYA SAXENA','04020503'),(1676,'ANKIT NAGORI','04020504'),(1677,'DESHPANDE SUYOG ANIL','04020505'),(1678,'DIVYE BOKDIA','04020506'),(1679,'DIYA GANGOPADHYAY','04020507'),(1680,'ITYAM VASAL','04020508'),(1681,'JICHKAR SHRIYASH SHARAD','04020509'),(1682,'KSHITIZ SINGH','04020510'),(1683,'KUMAR MAYANK','04020511'),(1684,'MANUJ DHARIWAL','04020512'),(1685,'MUKESH CHOUDHARY','04020513'),(1686,'MUKUL CHANDRA SINGH BISHT','04020514'),(1687,'P VAMSHI REDDY','04020515'),(1688,'P VAMSI CHAITANYA','04020516'),(1689,'RAJINDER ARORA','04020517'),(1690,'SHREYAS','04020518'),(1691,'VIJJAPURAPU RAMA CHANDRA KISHOR','04020519'),(1692,'VIKAS VAISHNAVA','04020520'),(1693,'ABHINAV GUPTA','05020501'),(1694,'AMAN MATHUR','05020502'),(1695,'ANIRUDDHA KUMAR JHA','05020503'),(1696,'AYYAGARI PRADEEP KUMAR','05020504'),(1697,'JUHI SINHA','05020505'),(1698,'KAMALJEET ANAND','05020506'),(1699,'LAKAKULA JAYANTH NAG','05020507'),(1700,'M. JAYA CHANDRA','05020508'),(1701,'P. PADMINI','05020510'),(1702,'PRERNA RAMESH','05020512'),(1703,'RICHA SINGH','05020514'),(1704,'RUNALISHA','05020515'),(1705,'SAURABH VYAS','05020517'),(1706,'SHANUJ SHARMA','05020518'),(1707,'SUBHRAJIT DAS','05020519'),(1708,'SUCHIT DUBEY','05020520'),(1709,'VINEET CHAUDHARY','05020522'),(1710,'ANAMAY JII ','06020501'),(1711,'ASHUTOSH KUMAR UPADHYAY ','06020502'),(1712,'BAJAJ AYUSH SURESH BAJAJ ','06020503'),(1713,'DEVESH ANAND ','06020504'),(1714,'DIVYANSHU BANSAL ','06020505'),(1715,'DNYANADA PANCHBHAIYYE ','06020506'),(1716,'GOPALAKRISHNAN VENKATESWARAN ','06020507'),(1717,'IYER GANESH VISWANATHAN ','06020508'),(1718,'M SANDEEP ','06020509'),(1719,'NIKUNJ KHANDELWAL ','06020510'),(1720,'PIYUSH JAIN ','06020511'),(1721,'PREETI KANTHER ','06020512'),(1722,'PRUDVIN REDDY A ','06020513'),(1723,'PUNIT DUTT MATHUR ','06020514'),(1724,'RAHULDEO KUMAR SINHA ','06020515'),(1725,'ROHIT MOHAN ','06020516'),(1726,'S NITISH SIVARAMAKRISHNAN ','06020517'),(1727,'SAJIN KUMAR ','06020518'),(1728,'SAUMYA SEN ','06020519'),(1729,'SOURAV SARKAR ','06020521'),(1730,'VATSAL UTTARWAR ','06020522'),(1731,'VIKRAM CHATTERJI ','06020523'),(1732,'VIVEK TRIPATHI ','06020524'),(1733,'YAGYESH KESARWANI ','06020525'),(1734,'Ashok Singh Sairam','014101'),(1735,'Biswanath Dey','03610101'),(1736,'D. Satyanarayana','03610102'),(1737,'Guruprasad Khataniar','03610103'),(1738,'Pallav Kr. Dutta','03610105'),(1739,'Sravan Kumar Mohanty','03610107'),(1740,'P.V. Satyanarayana','03610108'),(1741,'Somnath Tripathy','03610109'),(1742,'Abhijit Sarma','04610101'),(1743,'Alka','04610102'),(1744,'Nityananda Sarma','04610103'),(1745,'Tejmani Sinam','04610104'),(1746,'V. Suresh Babu','04610105'),(1747,'Mamata Samal','04610106'),(1748,'W. Wilfred Godfrey','05610102'),(1749,'Bidyut Kumar Patra','05610103'),(1750,'Rajendra Pamula','05610105'),(1751,'Hitesh Tahbildar','06610101'),(1752,'Lipika Deka','06610102'),(1753,'Pinki Roy','06610104'),(1754,'K. Manglem Singh ','0994203'),(1755,'Diganta Kumar Gogoi','01610201'),(1756,'Vinod P.','01610203'),(1757,'G. Senthil Raja','02610201'),(1758,'Navajit Saikia','02610202'),(1759,'Manas Kamal Bhuyan','02610203'),(1760,'Mrinal Burahgohain','02610204'),(1761,'Dinesh Shankar Pegu','03610201'),(1762,'Vijay Kumar Nath','03610203'),(1763,'Babu Sena Paul ','03610204'),(1764,'Bhabesh Deka','03610205'),(1765,'Prabin Kumar Padhy','03610206'),(1766,'Genemala Haobijam','04610201'),(1767,'M. Sabarimalai Manikandan','04610202'),(1768,'Ahmad Ali','04610203'),(1769,'P. Krishna Moorthy','04610206'),(1770,'S. R. Nirmala','04610207'),(1771,'Senthilkumar D','05610202'),(1772,'P. Suresh Kumar','05610203'),(1773,'H.S. Jayanna','05610204'),(1774,'C. Shyam Anand','06610201'),(1775,'Himanshu Katiyar','06610202'),(1776,'Laxmi Narayan Sharma','06610204'),(1777,'M Sultan M Siddiqui','06610205'),(1778,'S. S. Karthikeyan','06610207'),(1779,'Sarada Prasad Dakua','06610208'),(1780,'Shweta Ghai','06610209'),(1781,'Anil Borah? ','0984301'),(1782,'Madhumita Kalita ','0994302'),(1783,'M. Sivasankar','01610302'),(1784,'Manabendra Pathak','01610306'),(1785,'Deba Kumar Sarma','02610301'),(1786,'Gonella V. Durga Prasad','02610302'),(1787,'Karthikeyan M.','03610303'),(1788,'Sudhansu Sekhar Panda','03610305'),(1789,'Bittagopal Mondal','03610307'),(1790,'R. Muthukumaran','03610308'),(1791,'Vadiraja D.N','03610309'),(1792,'Barun Pratiher','04610301'),(1793,'Elaprolu Vishnuvardhana Rao','04610302'),(1794,'Gudur Prashant Pralhad','04610303'),(1795,'Tarapada Raybagdi','04610306'),(1796,'Jagu Srinivasa Rao','04610307'),(1797,'Vijaya Kumar Pantangi','04610308'),(1798,'Prasanta Kumar Pradhan','05610301'),(1799,'Swarup Kumar Laha','05610302'),(1800,'Sanjib Banerjee','05610303'),(1801,'D. Santhosh Kumar','05610304'),(1802,'Subrata Kumar Panda','05610305'),(1803,'Lakshmanan S.P.','05610306'),(1804,'Sachin Kumar Singh','05610310'),(1805,'D. Arumuga Perumal','05610311'),(1806,'Yedla Sunil Prasad','05610312'),(1807,'A. Satheesh','06610301'),(1808,'C. Subramanian','06610302'),(1809,'Manu Ranjan Bora','06610303'),(1810,'P. Pandithevan','06610304'),(1811,'Ranjan Das','06610305'),(1812,'Santanu Sardar','06610307'),(1813,'Tony Murmu','06610308'),(1814,'Bhupendra Barman','04401'),(1815,'Girija T.R.','01610401'),(1816,'K. Nallasivam','01610403'),(1817,'Shailen Deka','02610403'),(1818,'Dipika Devi','02610402'),(1819,'Atanu Kr. Dutta','02610401'),(1820,'Ankush Borgohain','03610401'),(1821,'Mimi Das','03610402'),(1822,'Md. Sabaur Rahman','03610406'),(1823,'Avijit Burman','04610401'),(1824,'Minaxi Rai','04610404'),(1825,'Ujjwal Saha','04610407'),(1826,'Potsangbam Albino Kumar','04610409'),(1827,'Kamal Uddin Ahamad','05610401'),(1828,'Arun Ch. Borsaikia','05610402'),(1829,'Monowar Hussain','05610404'),(1830,'Aminul Islam Laskar ','05610406'),(1831,'Lalsangzela Sailo','05610407'),(1832,'Sandip Mondal','05610408'),(1833,'Diganta Barman','06610402'),(1834,'Kumar Pallav','06610404'),(1835,'Rupak Sarkar','06610405'),(1836,'Ajanta Kalita','06610406'),(1837,'Ray Maya Rajnarayan','06610407'),(1838,'Abdul Munim Choudhury ','06610408'),(1839,'Amarendra Kr. Das','0994802'),(1840,'Ravi Mokashi Punekar','01610501'),(1841,'Utpal Baruah','01610502'),(1842,'Abhijit Das','03610501'),(1843,'Mr. Jyoti Kumar','04610501'),(1844,'P. Gopinath?','03610605'),(1845,'Ravi Kiran Purama?','03610606'),(1846,'Satish Kumar?','03610607'),(1847,'Siva Kumar Soletti?','03610608'),(1848,'Atul Kumar Singh?','04610601'),(1849,'Biswa Ranjan Meher?','04610604'),(1850,'Biswanath Mahanty?','04610605'),(1851,'Avishek Mazumdar?','05610602'),(1852,'Priyanka Srivastava?','05610603'),(1853,'Uzma Mustafa?','05610604'),(1854,'Adepu Kiran Kumar?','05610605'),(1855,'Abhishek Sahu','05610606'),(1856,'Vigya Kesari','05610607'),(1857,'Vijay Kumar Ravi','05610608'),(1858,'Sanjay Kumar','05610609'),(1859,'Achlesh Davery','06610601'),(1860,'Kausik Sen','06610602'),(1861,'Kasturi Dutta','06610604'),(1862,'Mithilesh Singh','06610605'),(1863,'Preety Vatsyayan','06610606'),(1864,'Priyanka Dhar','06610607'),(1865,'Souvika Bakshi','06610608'),(1866,'M Venkata Satish Kumar ','06610609'),(1867,'Biswanath Saha','03610701'),(1868,'Ramesh Chandra Borah','03610703'),(1869,'Debasis Ghosh','03610705'),(1870,'P. Sarvavnan','03610706'),(1871,'Pinjala Nagaraju Rao','04610701'),(1872,'Subham Paul','04610702'),(1873,'T. Shivasankar','04610703'),(1874,'Pradip Chowdhury','05610702'),(1875,'Mehabub Rahaman','05610704'),(1876,'Barun Kumar Nandi','05610705'),(1877,'Sanjay Kr. Chattopadhyay','05610706'),(1878,'Bandana Chakrabarty ','05610708'),(1879,'Arnab Karmakar','06610701'),(1880,'Monash P.','06610703'),(1881,'P. Aadaleesan','06610704'),(1882,'Tarakanta Nayak','01612303'),(1883,'Madusmita Tripathy','02612301'),(1884,'Milan Nath','02612302'),(1885,'Sasmita Barik','02612303'),(1886,'Sk Safique Ahmed','02612304'),(1887,'Subash Chandra Martha','02612305'),(1888,'Swapan Kumar Pandit','02612306'),(1889,'Bibhas Adhikari','04612301'),(1890,'Prabhanjan Kumar Pandey','04612302'),(1891,'Rajendra Kumar Ray','04612303'),(1892,'Rajesh Pratap Singh','04612304'),(1893,'Akhilesh Kumar','04612305'),(1894,'Kaushik Mukherjee','04612307'),(1895,'I. Venkat Appal Raju','05612301'),(1896,'Smrutiranjan Mohapatra','05612302'),(1897,'Jugal Mohapatra','05612303'),(1898,'Cosmika Goswami','0561230'),(1899,'Sidananda Sarma','04604'),(1900,'Pramoda Kumar Nayak','01612102'),(1901,'Kishore Dutta','01612103'),(1902,'Amal Medhi','02612101'),(1903,'Purnanda Nandi','02612102'),(1904,'Santanu Sinha','02612103'),(1905,'Purabi Gogoi','03612101'),(1906,'J Anto Pradeep','04612102'),(1907,'Manospratim Chakrapani Kalita','04612105'),(1908,'Sabitha Mohan','04612107'),(1909,'Sandeep Kumar Srivastava','04612108'),(1910,'Veena M. Nair','05612101'),(1911,'Meera V','05612102'),(1912,'Gaurav Shukla','05612103'),(1913,'Sunish James Mathews','05612104'),(1914,'Poulumi Dey','05612105'),(1915,'Rajendra Kumar Singh','05612106'),(1916,'Debabrata Mishra','05612107'),(1917,'Aneesh R.','06612101'),(1918,'Biswanath Dutta','06612102'),(1919,'Biswanath Samantaray','06612103'),(1920,'Kaustuv Datta','06612105'),(1921,'Prabhakar S. Palni','06612106'),(1922,'Arpita Nath','06612108'),(1923,'Lopamudra Homchaudhuri','04703'),(1924,'Panchanan Puzari','02612202'),(1925,'Nilutpal Barooah','02612204'),(1926,'J. William John Bosco','02612206'),(1927,'Kavala Veerababu Rao','02612207'),(1928,'Bachu Rama Raju','03612202'),(1929,'Biplab Sarkar','03612203'),(1930,'Biswa Ranjan Panda','03612204'),(1931,'Md. Lokman Hakim Choudhury','03612205'),(1932,'S. Velusamy','03612206'),(1933,'Sahid Hussain','03612207'),(1934,'Sarala Naik','03612208'),(1935,'Ballav Moni Borah','04612201'),(1936,'Pranjal J. Sarmah','04612205'),(1937,'Rik Rani Koner','04612206'),(1938,'Sonit K. Gogoi','04612208'),(1939,'Sumanta K. Padhi','04612209'),(1940,'Bolin Chetia','04612211'),(1941,'Laxmidhar Rout','04612213'),(1942,'Avijit Pramanik','05612201'),(1943,'Suri Babu Jammi','05612202'),(1944,'Pramod Kumar E.K.','05612203'),(1945,'Siva Muru','05612204'),(1946,'Soumya Chatterjee','05612205'),(1947,'Subash Chandra Sahoo','05612206'),(1948,'Saitanya Kumar Bharadwaj','05612207'),(1949,'Anirban Karmakar','05612208'),(1950,'Shahzad Ali','05612209'),(1951,'Rajeev Mishra','05612210'),(1952,'A. Murugadoss','05612211'),(1953,'Jashmini Deka','05612212'),(1954,'Amardeep','05612215'),(1955,'Chandra Moulali Reddy U','06612201'),(1956,'Gunin Saikia','06612202'),(1957,'Harisadhan Ghosh','06612203'),(1958,'Harjyoti Thakuria','06612204'),(1959,'K. Saravanan','06612205'),(1960,'Mrigendra Dubey','06612207'),(1961,'Nihar Dash','06612208'),(1962,'Prasanta Jyoti Goutam','06612209'),(1963,'Pushpendra Singh','06612210'),(1964,'Ramesh Yella','06612211'),(1965,'Sudipta Raha Roy','06612212'),(1966,'Tasneem Parvin','06612213'),(1967,'Vijay Kumar Akkilagunta','06612215'),(1968,'Wangkheimayum Marjit Singh','06612217'),(1969,'Gitanjali Mazumdar','02612203'),(1970,'Sudipa Nag','0994904'),(1971,'?Ajit Kumar Nigam','01614101'),(1972,'Chitralee Goswami','01614102'),(1973,'Rajeeb Doley','01614103'),(1974,'Abhigyan Prasad','02614101'),(1975,'Malini Nair','02614104'),(1976,'Namita Kalita','02614106'),(1977,'Daisy Das','03614101'),(1978,'Akoijam Thoibisana','03614102'),(1979,'Merry Baruah Bora','03614104'),(1980,'Sonia Nongmaithem','04614101'),(1981,'Narsingh Kumar','04614102'),(1982,'Manoj Kumar Talukdar','05614101'),(1983,'Ira Das','05614102'),(1984,'Arpana Nath','05614103'),(1985,'Monalisha Saikia','05614104'),(1986,'Gopal Kumar Sarma','06614101'),(1987,'Papori Rani Barooah','06614102'),(1988,'Sushovan Chatterjee','05615101'),(1989,'Monikankana Sharma','05615102'),(1990,'Gouri Sankar Paul','05615103'),(1991,'Buljit Buragohain','05615104'),(1992,'Bibhuti Bhusan Sahoo','06615102'),(1993,'Patil Ranjit Shankarrao','06615103'),(1994,'Lepakshi Barbora','06615104'),(1995,'Shampa Sen','05615201'),(1996,'Jayashree Nath','05615202'),(1997,'Deepmoni Deka','05615203'),(1998,'Suresh Pandian E.','05615204'),(1999,'Bedabrata Saha','06615202'),(2000,'Pallab Sanpui','05615301'),(2001,'N. Rama Krishnan','05615302'),(2002,'Dilip Kumar Singh','05615303'),(2003,'Agile Mathew','06615301'),(2004,'Krishna Kanti Dey','06615302');

/*Table structure for table `programme_record` */

DROP TABLE IF EXISTS `programme_record`;

CREATE TABLE `programme_record` (
  `programme_id` int(10) unsigned NOT NULL auto_increment,
  `programme_name` varchar(100) NOT NULL,
  `programme_duration` int(10) unsigned NOT NULL,
  PRIMARY KEY  (`programme_id`),
  UNIQUE KEY `programme_name` (`programme_name`)
) ENGINE=InnoDB DEFAULT CHARSET=latin1;

/*Data for the table `programme_record` */

insert  into `programme_record`(`programme_id`,`programme_name`,`programme_duration`) values (1,'B.Tech',4),(2,'M.Tech',2),(3,'Phd',0),(4,'M.Sc',2),(5,'Preparatory',1),(6,'Integrated Msc',5),(7,'B.Des',4),(8,'M.Tech-VLSI',2),(9,'M.Tech-DSP',2),(10,'M.Tech-Machine Design',2),(11,'M.Tech Fluids and Thermal Engineering',2),(12,'M.Tech Structural Engineering',2),(13,'M.Tech Geotechnical Engineering',2),(14,'M.Tech Water Resources: Utilisation and Environmental Engineering',2),(15,'M.Tech Petroleum Refinery Engineering',2),(16,'M.Tech Information Security',2);

/*Table structure for table `replacement_table` */

DROP TABLE IF EXISTS `replacement_table`;

CREATE TABLE `replacement_table` (
  `student_id` int(10) unsigned NOT NULL,
  `old_course_id` int(10) unsigned NOT NULL,
  `new_course_id` int(10) unsigned NOT NULL,
  `course_type_id` int(10) unsigned default '0',
  PRIMARY KEY  (`student_id`,`old_course_id`,`new_course_id`),
  UNIQUE KEY `student_id` (`student_id`,`new_course_id`),
  KEY `old_course_id` (`old_course_id`),
  KEY `new_course_id` (`new_course_id`),
  KEY `course_type_id` (`course_type_id`),
  CONSTRAINT `replacement_table_ibfk_1` FOREIGN KEY (`student_id`) REFERENCES `main_student_record` (`student_id`) ON DELETE CASCADE ON UPDATE CASCADE,
  CONSTRAINT `replacement_table_ibfk_2` FOREIGN KEY (`old_course_id`) REFERENCES `course_record` (`course_id`) ON DELETE CASCADE ON UPDATE CASCADE,
  CONSTRAINT `replacement_table_ibfk_3` FOREIGN KEY (`new_course_id`) REFERENCES `course_record` (`course_id`) ON DELETE CASCADE ON UPDATE CASCADE,
  CONSTRAINT `replacement_table_ibfk_4` FOREIGN KEY (`course_type_id`) REFERENCES `course_type_record` (`course_type_id`) ON DELETE CASCADE ON UPDATE CASCADE
) ENGINE=InnoDB DEFAULT CHARSET=latin1;

/*Data for the table `replacement_table` */

/*Table structure for table `role` */

DROP TABLE IF EXISTS `role`;

CREATE TABLE `role` (
  `role_id` int(10) unsigned NOT NULL,
  `role_name` varchar(200) NOT NULL,
  PRIMARY KEY  (`role_id`)
) ENGINE=InnoDB DEFAULT CHARSET=latin1;

/*Data for the table `role` */

insert  into `role`(`role_id`,`role_name`) values (1,'Student'),(2,'Faculty'),(3,'Staff'),(4,'administrator');

/*Table structure for table `semester_type_record` */

DROP TABLE IF EXISTS `semester_type_record`;

CREATE TABLE `semester_type_record` (
  `semester_type_id` int(10) unsigned NOT NULL auto_increment,
  `semester_type_name` varchar(100) NOT NULL,
  PRIMARY KEY  (`semester_type_id`),
  UNIQUE KEY `semester_type_name` (`semester_type_name`)
) ENGINE=InnoDB DEFAULT CHARSET=latin1;

/*Data for the table `semester_type_record` */

insert  into `semester_type_record`(`semester_type_id`,`semester_type_name`) values (1,'Odd'),(2,'Even'),(3,'Summer');

/*Table structure for table `session` */

DROP TABLE IF EXISTS `session`;

CREATE TABLE `session` (
  `username` varchar(100) NOT NULL,
  `session_id` varchar(100) NOT NULL default '0',
  PRIMARY KEY  (`username`,`session_id`),
  CONSTRAINT `session_ibfk_1` FOREIGN KEY (`username`) REFERENCES `login` (`username`) ON DELETE CASCADE ON UPDATE CASCADE
) ENGINE=InnoDB DEFAULT CHARSET=latin1;

/*Data for the table `session` */

insert  into `session`(`username`,`session_id`) values ('administrator','1097124100d6ea4782cecc2bf112f'),('administrator','1558c58f56cd4fffffffff3c2fde9aa269ad'),('administrator','18154df3f4547ffffffff9b176fe1dca6779'),('administrator','3575178aba4fdffffffff9d18ea107e60bd3'),('administrator','357be11d62c6dffffffff8a1beabcbe94706'),('administrator','41fbe081894800ffffffffc5a075f1bd603d7'),('administrator','4dabae11a69ebffffffffa8e9277142c0f87'),('administrator','59f4671206098cd6359a39798917'),('administrator','6e5597c1c2534fffffffffa2842493deeac1b'),('administrator','6e6561a133fa144d9cea7f354469c'),('administrator','6f4b9a5129be53ffffffff83778c8deea9c58'),('administrator','6f84b793de221279b3c43c144be0'),('administrator','70a27ef1796649ffffffff9299906d4230584'),('administrator','731af89a6f408555f6bb8204715d'),('administrator','745dd5215aa5e83a4e9062680dcb9'),('administrator','74a1bf910901ceffffffffe815a978a36f6e2'),('administrator','7544037145a27fffffffffc064503f2bedb89'),('administrator','759120ee0128f70783c94819b89f'),('administrator','75b99a016505b4c8d5530add58e9'),('administrator','76327285031f5ffffffffee01ea0b13c6bda'),('administrator','765f2e512f03dd220515f2237f7ba'),('administrator','76621381fd22935a077a7eb37e031'),('administrator','767c9f81fb85b10dac8fe158c01a'),('administrator','7682c467715db7b1d882415c72c4'),('administrator','768a4ebf2d547ffffffffcb773ce4b1c1ef8'),('administrator','76902f2745d92ffffffff96da20ef5e95bed'),('administrator','7696a1f1df600fffffffffc2bba2517abf24'),('administrator','769904111603fe4456920a56ace8'),('administrator','76b6f2c8db40dffffffffb25f4f4c2c64bb9'),('administrator','785c63d22307d4aa41197661488e'),('administrator','7e9d0bbe4c825418cdb16486603f'),('administrator','8089d781d90825ffffffff8d3beb11425e914'),('administrator','81c581f188262d4e708a42118fff3'),('administrator','8230ce3126078f42ae99c232f0b1d'),('administrator','828b3136715f8ffffffffb436ebe1788df20'),('administrator','829f8f715bd8eb15b3dbb9b70dd2'),('administrator','82d3e2412b65bf7d27fa72bc15b47'),('administrator','82deca95ab328ffffffff82093f06cf7d714'),('administrator','82e6f2b1ee4296ffffffffec933fe6693a988'),('administrator','82f8dd2ca96515eadc680b61b829'),('administrator','8300f6be36a63ffffffffc989b5ae6d0019c'),('administrator','8304ae9f2eb18ffffffffadf3e11d60d6d50'),('administrator','830708f831d11461fdfcdda9ea51'),('administrator','830931b2a3945ffffffff8fc53f95b8fa0dd'),('administrator','830c4b2164958dffffffff8df74f788a5e86f'),('administrator','835109817e9329ffffffff8f780368f361b77'),('administrator','836488376f7c54c91a9ef9d06037'),('administrator','838febc157a5c347f997ed30ebcb2'),('administrator','83a4c911684b79ffffffffe9c66062f6a064e'),('administrator','83b353b15d73d3fffffffff179d5252b663a7'),('administrator','83b48ad1b1206609cac352cb962'),('administrator','83bb0717f7d58ffffffff872d3623e7ce803'),('administrator','83be4fe11856336cff117687b240e'),('administrator','83c67291a6f57211b5b8cdb6b912c'),('administrator','83c83ccc1121effffffff8f54a1801353d53'),('administrator','83cd3cab0b3b0ffffffff95d7074ece877da'),('administrator','83ce8f914482f72e3ce2c311dd726'),('administrator','83d7eca104ee867b9ae2d105fe6e'),('administrator','83da19f13cafa36015110abcd4bfc'),('administrator','83e374f1d7b6d473421789ed3cc2c'),('administrator','83e4bc21113ac8ffffffffc467c713a0a0d4e'),('administrator','83eb05d16bc07a16a69dc0d88f313'),('administrator','83ec4a31df27beaecb73fee600e6'),('administrator','83ee1958dbb49ffffffffab99f9ea8a2704f'),('administrator','83fb2bc1b887b2fffffffff36ab39096b86db'),('administrator','84020819dc0a8ffffffffbe955fb0eb08840'),('administrator','841e39d168e5461133278e2006954'),('administrator','84a9f94f33122e5ba3771b39a60'),('administrator','84cefd93f4547ffffffffe22e2f8b6d9589e'),('administrator','85c9e51137a8ec720e5da1c4f0f6a'),('administrator','85d25e71cc3210fffffffff6daddfc928d828'),('administrator','85e9b1262a4045e940261a037fde'),('administrator','85ebe12a1ade8404763e755bd68c'),('administrator','87a1e301641923ffffffffbcaad7c4aaed5d9'),('administrator','87bd4a35055087940beb3e4980d2'),('administrator','87c906b1e79c7772c9517527e5fd7'),('administrator','87dd1aa1635d96ffffffffe1469a9fae9570a'),('administrator','87e98265a22731e729680e9d8de8'),('administrator','87f039852dd9953e4842cf1bdcea'),('administrator','87f89b63f980d1c861fbabfb7ad2'),('administrator','87fef755c498efffffffff4c0a448417e995'),('administrator','893477c16fb592ffffffffd53f1c5b22f0f00'),('administrator','8963b75d99967ffffffffd649a7a638ca60f'),('administrator','89c4a0a1ed35e0ffffffffb5c456ebc2906a8'),('administrator','89ca9111bccedeffffffffd8bb5235789d08a'),('administrator','8a91bef2ceded5ef591512b12df3'),('administrator','8aa2e251433fd16a1329144fde08'),('administrator','8acf7d818f3db02ceddb8b872d91'),('administrator','8d133eddcbf252a677defcc98678'),('administrator','8d3a43c11396eccadb5a638fa9eb'),('administrator','8dfa0211827a5a45dfd87e60ae065'),('administrator','8e22b78168406c6f24126fbf6b54b'),('administrator','8e4d3fe1bcd49243d871e3a5a477'),('administrator','8e58d839e9a07439faad8ff7402f'),('administrator','8e982d6f9efe09fa4685604f883'),('administrator','8ea98adf353f951adafe82e796a3'),('administrator','8eb958a1b19045ffffffff9f1b2154e2da80f'),('administrator','91baa281643eec71d88bd927fb3a2'),('administrator','91e876a118a0ac1887ab1044f4126'),('administrator','9205cb518c3c8fffffffffd6aad40071d68d7'),('administrator','920e9f11ce859d2be304843d9fda'),('administrator','921ca6b6155e3ffffffffac73271cacd95c8'),('administrator','a66efce8870a2ffffffffb30939d7a768946'),('administrator','a8f5c31487600ffffffffd75cbbb85c275b7'),('administrator','b3bf2c0650ddbffffffffa0b73251901355f'),('administrator','b77419c1d415512033d671e90e9d5'),('administrator','cbe0d4f9102eb94380a58400d68d'),('administrator','cbe3aa11c1659fc253dd9cc556c2f'),('administrator','d42163914fab657a7b06f073f30ce'),('administrator','d44bf9c3f6d73a2f3e09c31b59f2'),('administrator','d6eddc03518c9126b2a740af6a282'),('administrator','efb90bf19f65ece60781cd4002a1'),('administrator','f0ff0a543f5609bc3827a49e113c'),('administrator','f1556cb1a8e05adbc501c545beb1a'),('administrator','f16bae01c8bca68a0d4e6994a690d'),('administrator','f16c9b73b7e5c110c31ace8d66513'),('administrator','fa8a5e51b3bfc52120df884fb36f4'),('administrator','faf00c69563442dc53d552b4347b'),('administrator','fb3b67a1dfb24d59ccae8cebeff06'),('administrator','fbb97759946e1a35af42d38416a'),('administrator','fcd529014547873d810082190d2e5'),('administrator','fe51de21467dbe115bfa5503e0f5dd'),('administrator','fe8bece108080373bda16478cb466'),('administrator','feb55171f090da8940efa1f2c41e3'),('faculty','6e5597c1c2534fffffffffa2842493deeac1b'),('faculty','9205cb518c3c8fffffffffd6aad40071d68d7'),('faculty','920e9f11ce859d2be304843d9fda'),('faculty','cbe0d4f9102eb94380a58400d68d'),('staff','6e5597c1c2534fffffffffa2842493deeac1b'),('staff','921b53119678761b15e20595c3c31'),('student','6e5597c1c2534fffffffffa2842493deeac1b'),('student','6e6561a133fa144d9cea7f354469c'),('student','6ed157b986c3fffffffffd4a0e744fde8f9f'),('student','6f100a31c5b8f63779fd31daaf852'),('student','8a8c31b17b624951c3591ee02c7f4'),('student','8a8f36c11a30bb2ee8149574bb4f9'),('student','8a91bef2ceded5ef591512b12df3'),('student','cbe0d4f9102eb94380a58400d68d'),('student','f1556cb1a8e05adbc501c545beb1a'),('student','f15a1a71ee0f56f9848445f238fe6'),('student','f1697b51ec21b85b7b17c04ed27f6');

/*Table structure for table `spi_cpi_record` */

DROP TABLE IF EXISTS `spi_cpi_record`;

CREATE TABLE `spi_cpi_record` (
  `student_id` int(10) unsigned NOT NULL,
  `year` int(10) unsigned NOT NULL,
  `semester` int(10) unsigned NOT NULL,
  `spi` float NOT NULL,
  `cpi` float NOT NULL,
  PRIMARY KEY  (`student_id`,`year`,`semester`),
  CONSTRAINT `spi_cpi_record_ibfk_1` FOREIGN KEY (`student_id`) REFERENCES `main_student_record` (`student_id`) ON DELETE CASCADE ON UPDATE CASCADE
) ENGINE=InnoDB DEFAULT CHARSET=latin1;

/*Data for the table `spi_cpi_record` */

/*Table structure for table `strength_record` */

DROP TABLE IF EXISTS `strength_record`;

CREATE TABLE `strength_record` (
  `department_id` int(10) unsigned NOT NULL,
  `programme_id` int(10) unsigned NOT NULL,
  `year` int(10) unsigned NOT NULL,
  `sanctioned_strength` int(10) unsigned NOT NULL,
  `admitted_strength` int(10) unsigned NOT NULL default '0',
  `current_strength` int(10) unsigned NOT NULL default '0',
  PRIMARY KEY  (`programme_id`,`department_id`,`year`),
  KEY `department_id` (`department_id`),
  CONSTRAINT `strength_record_ibfk_1` FOREIGN KEY (`department_id`) REFERENCES `department_record` (`department_id`) ON DELETE CASCADE ON UPDATE CASCADE,
  CONSTRAINT `strength_record_ibfk_2` FOREIGN KEY (`programme_id`) REFERENCES `programme_record` (`programme_id`) ON DELETE CASCADE ON UPDATE CASCADE
) ENGINE=InnoDB DEFAULT CHARSET=latin1;

/*Data for the table `strength_record` */

/*Table structure for table `student_grades` */

DROP TABLE IF EXISTS `student_grades`;

CREATE TABLE `student_grades` (
  `student_id` int(10) unsigned NOT NULL,
  `course_id` int(10) unsigned NOT NULL,
  `year` int(10) unsigned NOT NULL,
  `semester` int(10) unsigned NOT NULL,
  `grade_type_id` int(10) unsigned NOT NULL,
  PRIMARY KEY  (`student_id`,`course_id`,`year`,`semester`),
  KEY `course_id` (`course_id`),
  CONSTRAINT `student_grades_ibfk_1` FOREIGN KEY (`student_id`) REFERENCES `main_student_record` (`student_id`) ON DELETE CASCADE ON UPDATE CASCADE,
  CONSTRAINT `student_grades_ibfk_2` FOREIGN KEY (`course_id`) REFERENCES `course_record` (`course_id`) ON DELETE CASCADE ON UPDATE CASCADE
) ENGINE=InnoDB DEFAULT CHARSET=latin1;

/*Data for the table `student_grades` */

/*Table structure for table `student_record` */

DROP TABLE IF EXISTS `student_record`;

CREATE TABLE `student_record` (
  `student_id` int(10) unsigned NOT NULL,
  `programme_id` int(10) unsigned NOT NULL,
  `department_id` int(10) unsigned NOT NULL,
  `start_date` date NOT NULL,
  `end_date` date NOT NULL,
  PRIMARY KEY  (`student_id`,`programme_id`,`department_id`),
  UNIQUE KEY `student_id` (`student_id`),
  KEY `programme_id` (`programme_id`),
  KEY `department_id` (`department_id`),
  CONSTRAINT `student_record_ibfk_1` FOREIGN KEY (`student_id`) REFERENCES `main_student_record` (`student_id`) ON DELETE CASCADE ON UPDATE CASCADE,
  CONSTRAINT `student_record_ibfk_2` FOREIGN KEY (`programme_id`) REFERENCES `programme_record` (`programme_id`) ON DELETE CASCADE ON UPDATE CASCADE,
  CONSTRAINT `student_record_ibfk_3` FOREIGN KEY (`department_id`) REFERENCES `department_record` (`department_id`) ON DELETE CASCADE ON UPDATE CASCADE
) ENGINE=InnoDB DEFAULT CHARSET=latin1;

/*Data for the table `student_record` */

insert  into `student_record`(`student_id`,`programme_id`,`department_id`,`start_date`,`end_date`) values (198,1,1,'2001-07-25','1000-01-01'),(199,1,1,'2002-07-25','1000-01-01'),(200,1,1,'2002-07-25','1000-01-01'),(201,1,1,'2002-07-25','1000-01-01'),(202,1,1,'2002-07-25','1000-01-01'),(203,1,1,'2003-07-25','1000-01-01'),(204,1,1,'2003-07-25','1000-01-01'),(205,1,1,'2003-07-25','1000-01-01'),(206,1,1,'2003-07-25','1000-01-01'),(207,1,1,'2003-07-25','1000-01-01'),(208,1,1,'2003-07-25','1000-01-01'),(209,1,1,'2003-07-25','1000-01-01'),(210,1,1,'2003-07-25','1000-01-01'),(211,1,1,'2003-07-25','1000-01-01'),(212,1,1,'2003-07-25','1000-01-01'),(213,1,1,'2003-07-25','1000-01-01'),(214,1,1,'2003-07-25','1000-01-01'),(215,1,1,'2003-07-25','1000-01-01'),(216,1,1,'2003-07-25','1000-01-01'),(217,1,1,'2003-07-25','1000-01-01'),(218,1,1,'2003-07-25','1000-01-01'),(219,1,1,'2003-07-25','1000-01-01'),(220,1,1,'2003-07-25','1000-01-01'),(221,1,1,'2003-07-25','1000-01-01'),(222,1,1,'2003-07-25','1000-01-01'),(223,1,1,'2003-07-25','1000-01-01'),(224,1,1,'2003-07-25','1000-01-01'),(225,1,1,'2003-07-25','1000-01-01'),(226,1,1,'2003-07-25','1000-01-01'),(227,1,1,'2003-07-25','1000-01-01'),(228,1,1,'2003-07-25','1000-01-01'),(229,1,1,'2003-07-25','1000-01-01'),(230,1,1,'2003-07-25','1000-01-01'),(231,1,1,'2003-07-25','1000-01-01'),(232,1,1,'2003-07-25','1000-01-01'),(233,1,1,'2003-07-25','1000-01-01'),(234,1,1,'2003-07-25','1000-01-01'),(235,1,1,'2003-07-25','1000-01-01'),(236,1,1,'2003-07-25','1000-01-01'),(237,1,1,'2003-07-25','1000-01-01'),(238,1,1,'2003-07-25','1000-01-01'),(239,1,1,'2003-07-25','1000-01-01'),(240,1,1,'2003-07-25','1000-01-01'),(241,1,1,'2003-07-25','1000-01-01'),(242,1,1,'2003-07-25','1000-01-01'),(243,1,1,'2003-07-25','1000-01-01'),(244,1,1,'2003-07-25','1000-01-01'),(245,1,1,'2003-07-25','1000-01-01'),(246,1,1,'2004-07-25','1000-01-01'),(247,1,1,'2004-07-25','1000-01-01'),(248,1,1,'2004-07-25','1000-01-01'),(249,1,1,'2004-07-25','1000-01-01'),(250,1,1,'2004-07-25','1000-01-01'),(251,1,1,'2004-07-25','1000-01-01'),(252,1,1,'2004-07-25','1000-01-01'),(253,1,1,'2004-07-25','1000-01-01'),(254,1,1,'2004-07-25','1000-01-01'),(255,1,1,'2004-07-25','1000-01-01'),(256,1,1,'2004-07-25','1000-01-01'),(257,1,1,'2004-07-25','1000-01-01'),(258,1,1,'2004-07-25','1000-01-01'),(259,1,1,'2004-07-25','1000-01-01'),(260,1,1,'2004-07-25','1000-01-01'),(261,1,1,'2004-07-25','1000-01-01'),(262,1,1,'2004-07-25','1000-01-01'),(263,1,1,'2004-07-25','1000-01-01'),(264,1,1,'2004-07-25','1000-01-01'),(265,1,1,'2004-07-25','1000-01-01'),(266,1,1,'2004-07-25','1000-01-01'),(267,1,1,'2004-07-25','1000-01-01'),(268,1,1,'2004-07-25','1000-01-01'),(269,1,1,'2004-07-25','1000-01-01'),(270,1,1,'2004-07-25','1000-01-01'),(271,1,1,'2004-07-25','1000-01-01'),(272,1,1,'2004-07-25','1000-01-01'),(273,1,1,'2004-07-25','1000-01-01'),(274,1,1,'2004-07-25','1000-01-01'),(275,1,1,'2004-07-25','1000-01-01'),(276,1,1,'2004-07-25','1000-01-01'),(277,1,1,'2004-07-25','1000-01-01'),(278,1,1,'2004-07-25','1000-01-01'),(279,1,1,'2004-07-25','1000-01-01'),(280,1,1,'2004-07-25','1000-01-01'),(281,1,1,'2004-07-25','1000-01-01'),(282,1,1,'2004-07-25','1000-01-01'),(283,1,1,'2004-07-25','1000-01-01'),(284,1,1,'2004-07-25','1000-01-01'),(285,1,1,'2004-07-25','1000-01-01'),(286,1,1,'2004-07-25','1000-01-01'),(287,1,1,'2004-07-25','1000-01-01'),(288,1,1,'2004-07-25','1000-01-01'),(289,1,1,'2004-07-25','1000-01-01'),(290,1,1,'2004-07-25','1000-01-01'),(291,1,1,'2004-07-25','1000-01-01'),(292,1,1,'2004-07-25','1000-01-01'),(293,1,1,'2004-07-25','1000-01-01'),(294,1,1,'2004-07-25','1000-01-01'),(295,1,1,'2004-07-25','1000-01-01'),(296,1,1,'2005-07-25','1000-01-01'),(297,1,1,'2005-07-25','1000-01-01'),(298,1,1,'2005-07-25','1000-01-01'),(299,1,1,'2005-07-25','1000-01-01'),(300,1,1,'2005-07-25','1000-01-01'),(301,1,1,'2005-07-25','1000-01-01'),(302,1,1,'2005-07-25','1000-01-01'),(303,1,1,'2005-07-25','1000-01-01'),(304,1,1,'2005-07-25','1000-01-01'),(305,1,1,'2005-07-25','1000-01-01'),(306,1,1,'2005-07-25','2007-06-07'),(307,1,1,'2005-07-25','1000-01-01'),(308,1,1,'2005-07-25','1000-01-01'),(309,1,1,'2005-07-25','1000-01-01'),(310,1,5,'2005-07-25','1000-01-01'),(311,1,1,'2005-07-25','1000-01-01'),(312,1,1,'2005-07-25','1000-01-01'),(313,1,1,'2005-07-25','1000-01-01'),(314,1,1,'2005-07-25','1000-01-01'),(315,1,1,'2005-07-25','1000-01-01'),(316,1,1,'2005-07-25','1000-01-01'),(317,1,1,'2005-07-25','1000-01-01'),(318,1,1,'2005-07-25','1000-01-01'),(319,1,1,'2005-07-25','1000-01-01'),(320,1,1,'2005-07-25','1000-01-01'),(321,1,1,'2005-07-25','1000-01-01'),(322,1,1,'2005-07-25','1000-01-01'),(323,1,1,'2005-07-25','1000-01-01'),(324,1,1,'2005-07-25','1000-01-01'),(325,1,1,'2005-07-25','1000-01-01'),(326,1,1,'2005-07-25','1000-01-01'),(327,1,1,'2005-07-25','1000-01-01'),(328,1,1,'2005-07-25','1000-01-01'),(329,1,1,'2005-07-25','1000-01-01'),(330,1,1,'2005-07-25','1000-01-01'),(331,1,1,'2005-07-25','1000-01-01'),(332,1,1,'2005-07-25','1000-01-01'),(333,1,1,'2005-07-25','1000-01-01'),(334,1,1,'2005-07-25','1000-01-01'),(335,1,1,'2005-07-25','1000-01-01'),(336,1,1,'2005-07-25','1000-01-01'),(337,1,1,'2005-07-25','1000-01-01'),(338,1,1,'2005-07-25','1000-01-01'),(339,1,1,'2005-07-25','1000-01-01'),(340,1,1,'2005-07-25','1000-01-01'),(341,1,1,'2005-07-25','1000-01-01'),(342,1,1,'2005-07-25','1000-01-01'),(343,1,1,'2006-07-25','1000-01-01'),(344,1,1,'2006-07-25','1000-01-01'),(345,1,1,'2006-07-25','1000-01-01'),(346,1,1,'2006-07-25','1000-01-01'),(347,1,1,'2006-07-25','1000-01-01'),(348,1,1,'2006-07-25','1000-01-01'),(349,1,1,'2006-07-25','1000-01-01'),(350,1,1,'2006-07-25','1000-01-01'),(351,1,1,'2006-07-25','1000-01-01'),(352,1,1,'2006-07-25','1000-01-01'),(353,1,1,'2006-07-25','1000-01-01'),(354,1,1,'2006-07-25','1000-01-01'),(355,1,1,'2006-07-25','1000-01-01'),(356,1,1,'2006-07-25','1000-01-01'),(357,1,1,'2006-07-25','1000-01-01'),(358,1,1,'2006-07-25','1000-01-01'),(359,1,1,'2006-07-25','1000-01-01'),(360,1,1,'2006-07-25','1000-01-01'),(361,1,1,'2006-07-25','1000-01-01'),(362,1,1,'2006-07-25','1000-01-01'),(363,1,1,'2006-07-25','1000-01-01'),(364,1,1,'2006-07-25','1000-01-01'),(365,1,1,'2006-07-25','1000-01-01'),(366,1,1,'2006-07-25','1000-01-01'),(367,1,1,'2006-07-25','1000-01-01'),(368,1,1,'2006-07-25','1000-01-01'),(369,1,1,'2006-07-25','1000-01-01'),(370,1,1,'2006-07-25','1000-01-01'),(371,1,1,'2006-07-25','1000-01-01'),(372,1,1,'2006-07-25','1000-01-01'),(373,1,1,'2006-07-25','1000-01-01'),(374,1,1,'2006-07-25','1000-01-01'),(375,1,1,'2006-07-25','1000-01-01'),(376,1,1,'2006-07-25','1000-01-01'),(377,1,1,'2006-07-25','1000-01-01'),(378,1,1,'2006-07-25','1000-01-01'),(379,1,1,'2006-07-25','1000-01-01'),(380,1,1,'2006-07-25','1000-01-01'),(381,1,1,'2006-07-25','1000-01-01'),(382,1,1,'2006-07-25','1000-01-01'),(383,1,1,'2006-07-25','1000-01-01'),(384,1,1,'2006-07-25','1000-01-01'),(385,1,1,'2006-07-25','1000-01-01'),(386,1,1,'2006-07-25','1000-01-01'),(387,1,1,'2006-07-25','1000-01-01'),(388,1,1,'2006-07-25','1000-01-01'),(389,1,1,'2006-07-25','1000-01-01'),(390,1,1,'2006-07-25','1000-01-01'),(391,1,1,'2006-07-25','1000-01-01'),(392,1,1,'2006-07-25','1000-01-01'),(393,1,1,'2006-07-25','1000-01-01'),(394,1,1,'2006-07-25','1000-01-01'),(395,1,2,'2002-07-25','1000-01-01'),(396,1,2,'2002-07-25','1000-01-01'),(397,1,2,'2002-07-25','1000-01-01'),(398,1,2,'2002-07-25','1000-01-01'),(399,1,2,'2003-07-25','1000-01-01'),(400,1,2,'2003-07-25','1000-01-01'),(401,1,2,'2003-07-25','1000-01-01'),(402,1,2,'2003-07-25','1000-01-01'),(403,1,2,'2003-07-25','1000-01-01'),(404,1,2,'2003-07-25','1000-01-01'),(405,1,2,'2003-07-25','1000-01-01'),(406,1,2,'2003-07-25','1000-01-01'),(407,1,2,'2003-07-25','1000-01-01'),(408,1,2,'2003-07-25','1000-01-01'),(409,1,2,'2003-07-25','1000-01-01'),(410,1,2,'2003-07-25','1000-01-01'),(411,1,2,'2003-07-25','1000-01-01'),(412,1,2,'2003-07-25','1000-01-01'),(413,1,2,'2003-07-25','1000-01-01'),(414,1,2,'2003-07-25','1000-01-01'),(415,1,2,'2003-07-25','1000-01-01'),(416,1,2,'2003-07-25','1000-01-01'),(417,1,2,'2003-07-25','1000-01-01'),(418,1,2,'2003-07-25','1000-01-01'),(419,1,2,'2003-07-25','1000-01-01'),(420,1,2,'2003-07-25','1000-01-01'),(421,1,2,'2003-07-25','1000-01-01'),(422,1,2,'2003-07-25','1000-01-01'),(423,1,2,'2003-07-25','1000-01-01'),(424,1,2,'2003-07-25','1000-01-01'),(425,1,2,'2003-07-25','1000-01-01'),(426,1,2,'2003-07-25','1000-01-01'),(427,1,2,'2003-07-25','1000-01-01'),(428,1,2,'2003-07-25','1000-01-01'),(429,1,2,'2003-07-25','1000-01-01'),(430,1,2,'2003-07-25','1000-01-01'),(431,1,2,'2003-07-25','1000-01-01'),(432,1,2,'2003-07-25','1000-01-01'),(433,1,2,'2003-07-25','1000-01-01'),(434,1,2,'2003-07-25','1000-01-01'),(435,1,2,'2003-07-25','1000-01-01'),(436,1,2,'2003-07-25','1000-01-01'),(437,1,2,'2003-07-25','1000-01-01'),(438,1,2,'2003-07-25','1000-01-01'),(439,1,2,'2003-07-25','1000-01-01'),(440,1,2,'2003-07-25','1000-01-01'),(441,1,2,'2004-07-25','1000-01-01'),(442,1,2,'2004-07-25','1000-01-01'),(443,1,2,'2004-07-25','1000-01-01'),(444,1,2,'2004-07-25','1000-01-01'),(445,1,2,'2004-07-25','1000-01-01'),(446,1,2,'2004-07-25','1000-01-01'),(447,1,2,'2004-07-25','1000-01-01'),(448,1,2,'2004-07-25','1000-01-01'),(449,1,2,'2004-07-25','1000-01-01'),(450,1,2,'2004-07-25','1000-01-01'),(451,1,2,'2004-07-25','1000-01-01'),(452,1,2,'2004-07-25','1000-01-01'),(453,1,2,'2004-07-25','1000-01-01'),(454,1,2,'2004-07-25','1000-01-01'),(455,1,2,'2004-07-25','1000-01-01'),(456,1,2,'2004-07-25','1000-01-01'),(457,1,2,'2004-07-25','1000-01-01'),(458,1,2,'2004-07-25','1000-01-01'),(459,1,2,'2004-07-25','1000-01-01'),(460,1,2,'2004-07-25','1000-01-01'),(461,1,2,'2004-07-25','1000-01-01'),(462,1,2,'2004-07-25','1000-01-01'),(463,1,2,'2004-07-25','1000-01-01'),(464,1,2,'2004-07-25','1000-01-01'),(465,1,2,'2004-07-25','1000-01-01'),(466,1,2,'2004-07-25','1000-01-01'),(467,1,2,'2004-07-25','1000-01-01'),(468,1,2,'2004-07-25','1000-01-01'),(469,1,2,'2004-07-25','1000-01-01'),(470,1,2,'2004-07-25','1000-01-01'),(471,1,2,'2004-07-25','1000-01-01'),(472,1,2,'2004-07-25','1000-01-01'),(473,1,2,'2004-07-25','1000-01-01'),(474,1,2,'2004-07-25','1000-01-01'),(475,1,2,'2004-07-25','1000-01-01'),(476,1,2,'2004-07-25','1000-01-01'),(477,1,2,'2004-07-25','1000-01-01'),(478,1,2,'2004-07-25','1000-01-01'),(479,1,2,'2004-07-25','1000-01-01'),(480,1,2,'2004-07-25','1000-01-01'),(481,1,2,'2004-07-25','1000-01-01'),(482,1,2,'2004-07-25','1000-01-01'),(483,1,2,'2004-07-25','1000-01-01'),(484,1,2,'2004-07-25','1000-01-01'),(485,1,2,'2004-07-25','1000-01-01'),(486,1,2,'2004-07-25','1000-01-01'),(487,1,2,'2004-07-25','1000-01-01'),(488,1,2,'2004-07-25','1000-01-01'),(489,1,2,'2004-07-25','1000-01-01'),(490,1,2,'2004-07-25','1000-01-01'),(491,1,2,'2005-07-25','1000-01-01'),(492,1,2,'2005-07-25','1000-01-01'),(493,1,2,'2005-07-25','1000-01-01'),(494,1,2,'2005-07-25','1000-01-01'),(495,1,2,'2005-07-25','1000-01-01'),(496,1,2,'2005-07-25','1000-01-01'),(497,1,2,'2005-07-25','1000-01-01'),(498,1,2,'2005-07-25','1000-01-01'),(499,1,2,'2005-07-25','1000-01-01'),(500,1,2,'2005-07-25','1000-01-01'),(501,1,2,'2005-07-25','1000-01-01'),(502,1,2,'2005-07-25','1000-01-01'),(503,1,2,'2005-07-25','1000-01-01'),(504,1,2,'2005-07-25','1000-01-01'),(505,1,2,'2005-07-25','1000-01-01'),(506,1,2,'2005-07-25','1000-01-01'),(507,1,2,'2005-07-25','1000-01-01'),(508,1,2,'2005-07-25','1000-01-01'),(509,1,2,'2005-07-25','1000-01-01'),(510,1,2,'2005-07-25','1000-01-01'),(511,1,2,'2005-07-25','1000-01-01'),(512,1,2,'2005-07-25','1000-01-01'),(513,1,2,'2005-07-25','1000-01-01'),(514,1,2,'2005-07-25','1000-01-01'),(515,1,2,'2005-07-25','1000-01-01'),(516,1,2,'2005-07-25','1000-01-01'),(517,1,2,'2005-07-25','1000-01-01'),(518,1,2,'2005-07-25','1000-01-01'),(519,1,2,'2005-07-25','1000-01-01'),(520,1,2,'2005-07-25','1000-01-01'),(521,1,2,'2005-07-25','1000-01-01'),(522,1,2,'2005-07-25','1000-01-01'),(523,1,2,'2005-07-25','1000-01-01'),(524,1,2,'2005-07-25','1000-01-01'),(525,1,2,'2005-07-25','1000-01-01'),(526,1,2,'2005-07-25','1000-01-01'),(527,1,2,'2005-07-25','1000-01-01'),(528,1,2,'2005-07-25','1000-01-01'),(529,1,2,'2005-07-25','1000-01-01'),(530,1,2,'2005-07-25','1000-01-01'),(531,1,2,'2005-07-25','1000-01-01'),(532,1,2,'2005-07-25','1000-01-01'),(533,1,2,'2005-07-25','1000-01-01'),(534,1,2,'2005-07-25','1000-01-01'),(535,1,2,'2005-07-25','1000-01-01'),(536,1,2,'2006-07-25','1000-01-01'),(537,1,2,'2006-07-25','1000-01-01'),(538,1,2,'2006-07-25','1000-01-01'),(539,1,2,'2006-07-25','1000-01-01'),(540,1,2,'2006-07-25','1000-01-01'),(541,1,2,'2006-07-25','1000-01-01'),(542,1,2,'2006-07-25','1000-01-01'),(543,1,2,'2006-07-25','1000-01-01'),(544,1,2,'2006-07-25','1000-01-01'),(545,1,2,'2006-07-25','1000-01-01'),(546,1,2,'2006-07-25','1000-01-01'),(547,1,2,'2006-07-25','1000-01-01'),(548,1,2,'2006-07-25','1000-01-01'),(549,1,2,'2006-07-25','1000-01-01'),(550,1,2,'2006-07-25','1000-01-01'),(551,1,2,'2006-07-25','1000-01-01'),(552,1,2,'2006-07-25','1000-01-01'),(553,1,2,'2006-07-25','1000-01-01'),(554,1,2,'2006-07-25','1000-01-01'),(555,1,2,'2006-07-25','1000-01-01'),(556,1,2,'2006-07-25','1000-01-01'),(557,1,2,'2006-07-25','1000-01-01'),(558,1,2,'2006-07-25','1000-01-01'),(559,1,2,'2006-07-25','1000-01-01'),(560,1,2,'2006-07-25','1000-01-01'),(561,1,2,'2006-07-25','1000-01-01'),(562,1,2,'2006-07-25','1000-01-01'),(563,1,2,'2006-07-25','1000-01-01'),(564,1,2,'2006-07-25','1000-01-01'),(565,1,2,'2006-07-25','1000-01-01'),(566,1,2,'2006-07-25','1000-01-01'),(567,1,2,'2006-07-25','1000-01-01'),(568,1,2,'2006-07-25','1000-01-01'),(569,1,2,'2006-07-25','1000-01-01'),(570,1,2,'2006-07-25','1000-01-01'),(571,1,2,'2006-07-25','1000-01-01'),(572,1,2,'2006-07-25','1000-01-01'),(573,1,2,'2006-07-25','1000-01-01'),(574,1,2,'2006-07-25','1000-01-01'),(575,1,2,'2006-07-25','1000-01-01'),(576,1,2,'2006-07-25','1000-01-01'),(577,1,2,'2006-07-25','1000-01-01'),(578,1,2,'2006-07-25','1000-01-01'),(579,1,2,'2006-07-25','1000-01-01'),(580,1,2,'2006-07-25','1000-01-01'),(581,1,2,'2006-07-25','1000-01-01'),(582,1,2,'2006-07-25','1000-01-01'),(583,1,2,'2006-07-25','1000-01-01'),(584,1,3,'2003-07-25','1000-01-01'),(585,1,3,'2003-07-25','1000-01-01'),(586,1,3,'2003-07-25','1000-01-01'),(587,1,3,'2003-07-25','1000-01-01'),(588,1,3,'2003-07-25','1000-01-01'),(589,1,3,'2003-07-25','1000-01-01'),(590,1,3,'2003-07-25','1000-01-01'),(591,1,3,'2003-07-25','1000-01-01'),(592,1,3,'2003-07-25','1000-01-01'),(593,1,3,'2003-07-25','1000-01-01'),(594,1,3,'2003-07-25','1000-01-01'),(595,1,3,'2003-07-25','1000-01-01'),(596,1,3,'2003-07-25','1000-01-01'),(597,1,3,'2003-07-25','1000-01-01'),(598,1,3,'2003-07-25','1000-01-01'),(599,1,3,'2003-07-25','1000-01-01'),(600,1,3,'2003-07-25','1000-01-01'),(601,1,3,'2003-07-25','1000-01-01'),(602,1,3,'2003-07-25','1000-01-01'),(603,1,3,'2003-07-25','1000-01-01'),(604,1,3,'2003-07-25','1000-01-01'),(605,1,3,'2003-07-25','1000-01-01'),(606,1,3,'2003-07-25','1000-01-01'),(607,1,3,'2003-07-25','1000-01-01'),(608,1,3,'2003-07-25','1000-01-01'),(609,1,3,'2003-07-25','1000-01-01'),(610,1,3,'2003-07-25','1000-01-01'),(611,1,3,'2003-07-25','1000-01-01'),(612,1,3,'2003-07-25','1000-01-01'),(613,1,3,'2003-07-25','1000-01-01'),(614,1,3,'2003-07-25','1000-01-01'),(615,1,3,'2003-07-25','1000-01-01'),(616,1,3,'2003-07-25','1000-01-01'),(617,1,3,'2003-07-25','1000-01-01'),(618,1,3,'2003-07-25','1000-01-01'),(619,1,3,'2003-07-25','1000-01-01'),(620,1,3,'2003-07-25','1000-01-01'),(621,1,3,'2003-07-25','1000-01-01'),(622,1,3,'2003-07-25','1000-01-01'),(623,1,3,'2004-07-25','1000-01-01'),(624,1,3,'2004-07-25','1000-01-01'),(625,1,3,'2004-07-25','1000-01-01'),(626,1,3,'2004-07-25','1000-01-01'),(627,1,3,'2004-07-25','1000-01-01'),(628,1,3,'2004-07-25','1000-01-01'),(629,1,3,'2004-07-25','1000-01-01'),(630,1,3,'2004-07-25','1000-01-01'),(631,1,3,'2004-07-25','1000-01-01'),(632,1,3,'2004-07-25','1000-01-01'),(633,1,3,'2004-07-25','1000-01-01'),(634,1,3,'2004-07-25','1000-01-01'),(635,1,3,'2004-07-25','1000-01-01'),(636,1,3,'2004-07-25','1000-01-01'),(637,1,3,'2004-07-25','1000-01-01'),(638,1,3,'2004-07-25','1000-01-01'),(639,1,3,'2004-07-25','1000-01-01'),(640,1,3,'2004-07-25','1000-01-01'),(641,1,3,'2004-07-25','1000-01-01'),(642,1,3,'2004-07-25','1000-01-01'),(643,1,3,'2004-07-25','1000-01-01'),(644,1,3,'2004-07-25','1000-01-01'),(645,1,3,'2004-07-25','1000-01-01'),(646,1,3,'2004-07-25','1000-01-01'),(647,1,3,'2004-07-25','1000-01-01'),(648,1,3,'2004-07-25','1000-01-01'),(649,1,3,'2004-07-25','1000-01-01'),(650,1,3,'2004-07-25','1000-01-01'),(651,1,3,'2004-07-25','1000-01-01'),(652,1,3,'2004-07-25','1000-01-01'),(653,1,3,'2004-07-25','1000-01-01'),(654,1,3,'2004-07-25','1000-01-01'),(655,1,3,'2004-07-25','1000-01-01'),(656,1,3,'2004-07-25','1000-01-01'),(657,1,3,'2004-07-25','1000-01-01'),(658,1,3,'2004-07-25','1000-01-01'),(659,1,3,'2004-07-25','1000-01-01'),(660,1,3,'2004-07-25','1000-01-01'),(661,1,3,'2004-07-25','1000-01-01'),(662,1,3,'2004-07-25','1000-01-01'),(663,1,3,'2004-07-25','1000-01-01'),(664,1,3,'2004-07-25','1000-01-01'),(665,1,3,'2004-07-25','1000-01-01'),(666,1,3,'2004-07-25','1000-01-01'),(667,1,3,'2004-07-25','1000-01-01'),(668,1,3,'2004-07-25','1000-01-01'),(669,1,3,'2004-07-25','1000-01-01'),(670,1,3,'2004-07-25','1000-01-01'),(671,1,3,'2005-07-25','1000-01-01'),(672,1,3,'2005-07-25','1000-01-01'),(673,1,3,'2005-07-25','1000-01-01'),(674,1,3,'2005-07-25','1000-01-01'),(675,1,3,'2005-07-25','1000-01-01'),(676,1,3,'2005-07-25','1000-01-01'),(677,1,3,'2005-07-25','1000-01-01'),(678,1,3,'2005-07-25','1000-01-01'),(679,1,3,'2005-07-25','1000-01-01'),(680,1,3,'2005-07-25','1000-01-01'),(681,1,3,'2005-07-25','1000-01-01'),(682,1,3,'2005-07-25','1000-01-01'),(683,1,3,'2005-07-25','1000-01-01'),(684,1,3,'2005-07-25','1000-01-01'),(685,1,3,'2005-07-25','1000-01-01'),(686,1,3,'2005-07-25','1000-01-01'),(687,1,3,'2005-07-25','1000-01-01'),(688,1,3,'2005-07-25','1000-01-01'),(689,1,3,'2005-07-25','1000-01-01'),(690,1,3,'2005-07-25','1000-01-01'),(691,1,3,'2005-07-25','1000-01-01'),(692,1,3,'2005-07-25','1000-01-01'),(693,1,3,'2005-07-25','1000-01-01'),(694,1,3,'2005-07-25','1000-01-01'),(695,1,3,'2005-07-25','1000-01-01'),(696,1,3,'2005-07-25','1000-01-01'),(697,1,3,'2005-07-25','1000-01-01'),(698,1,3,'2005-07-25','1000-01-01'),(699,1,3,'2005-07-25','1000-01-01'),(700,1,3,'2005-07-25','1000-01-01'),(701,1,3,'2005-07-25','1000-01-01'),(702,1,3,'2005-07-25','1000-01-01'),(703,1,3,'2005-07-25','1000-01-01'),(704,1,3,'2005-07-25','1000-01-01'),(705,1,3,'2005-07-25','1000-01-01'),(706,1,3,'2005-07-25','1000-01-01'),(707,1,3,'2005-07-25','1000-01-01'),(708,1,3,'2005-07-25','1000-01-01'),(709,1,3,'2005-07-25','1000-01-01'),(710,1,3,'2005-07-25','1000-01-01'),(711,1,3,'2005-07-25','1000-01-01'),(712,1,3,'2005-07-25','1000-01-01'),(713,1,3,'2005-07-25','1000-01-01'),(714,1,3,'2005-07-25','1000-01-01'),(715,1,3,'2005-07-25','1000-01-01'),(716,1,3,'2005-07-25','1000-01-01'),(717,1,3,'2005-07-25','1000-01-01'),(718,1,3,'2005-07-25','1000-01-01'),(719,1,3,'2005-07-25','1000-01-01'),(720,1,3,'2005-07-25','1000-01-01'),(721,1,3,'2005-07-25','1000-01-01'),(722,1,3,'2006-07-25','1000-01-01'),(723,1,3,'2006-07-25','1000-01-01'),(724,1,3,'2006-07-25','1000-01-01'),(725,1,3,'2006-07-25','1000-01-01'),(726,1,3,'2006-07-25','1000-01-01'),(727,1,3,'2006-07-25','1000-01-01'),(728,1,3,'2006-07-25','1000-01-01'),(729,1,3,'2006-07-25','1000-01-01'),(730,1,3,'2006-07-25','1000-01-01'),(731,1,3,'2006-07-25','1000-01-01'),(732,1,3,'2006-07-25','1000-01-01'),(733,1,3,'2006-07-25','1000-01-01'),(734,1,3,'2006-07-25','1000-01-01'),(735,1,3,'2006-07-25','1000-01-01'),(736,1,3,'2006-07-25','1000-01-01'),(737,1,3,'2006-07-25','1000-01-01'),(738,1,3,'2006-07-25','1000-01-01'),(739,1,3,'2006-07-25','1000-01-01'),(740,1,3,'2006-07-25','1000-01-01'),(741,1,3,'2006-07-25','1000-01-01'),(742,1,3,'2006-07-25','1000-01-01'),(743,1,3,'2006-07-25','1000-01-01'),(744,1,3,'2006-07-25','1000-01-01'),(745,1,3,'2006-07-25','1000-01-01'),(746,1,3,'2006-07-25','1000-01-01'),(747,1,3,'2006-07-25','1000-01-01'),(748,1,3,'2006-07-25','1000-01-01'),(749,1,3,'2006-07-25','1000-01-01'),(750,1,3,'2006-07-25','1000-01-01'),(751,1,3,'2006-07-25','1000-01-01'),(752,1,3,'2006-07-25','1000-01-01'),(753,1,3,'2006-07-25','1000-01-01'),(754,1,3,'2006-07-25','1000-01-01'),(755,1,3,'2006-07-25','1000-01-01'),(756,1,3,'2006-07-25','1000-01-01'),(757,1,3,'2006-07-25','1000-01-01'),(758,1,3,'2006-07-25','1000-01-01'),(759,1,3,'2006-07-25','1000-01-01'),(760,1,3,'2006-07-25','1000-01-01'),(761,1,3,'2006-07-25','1000-01-01'),(762,1,3,'2006-07-25','1000-01-01'),(763,1,3,'2006-07-25','1000-01-01'),(764,1,3,'2006-07-25','1000-01-01'),(765,1,3,'2006-07-25','1000-01-01'),(766,1,3,'2006-07-25','1000-01-01'),(767,1,3,'2006-07-25','1000-01-01'),(768,1,3,'2006-07-25','1000-01-01'),(769,1,3,'2006-07-25','1000-01-01'),(770,1,3,'2006-07-25','1000-01-01'),(771,1,3,'2006-07-25','1000-01-01'),(772,1,3,'2006-07-25','1000-01-01'),(773,1,3,'2006-07-25','1000-01-01'),(774,1,3,'2006-07-25','1000-01-01'),(775,1,3,'2006-07-25','1000-01-01'),(776,1,4,'2003-07-25','1000-01-01'),(777,1,4,'2003-07-25','1000-01-01'),(778,1,4,'2003-07-25','1000-01-01'),(779,1,4,'2003-07-25','1000-01-01'),(780,1,4,'2003-07-25','1000-01-01'),(781,1,4,'2003-07-25','1000-01-01'),(782,1,4,'2003-07-25','1000-01-01'),(783,1,4,'2003-07-25','1000-01-01'),(784,1,4,'2003-07-25','1000-01-01'),(785,1,4,'2003-07-25','1000-01-01'),(786,1,4,'2003-07-25','1000-01-01'),(787,1,4,'2003-07-25','1000-01-01'),(788,1,4,'2003-07-25','1000-01-01'),(789,1,4,'2003-07-25','1000-01-01'),(790,1,4,'2003-07-25','1000-01-01'),(791,1,4,'2003-07-25','1000-01-01'),(792,1,4,'2003-07-25','1000-01-01'),(793,1,4,'2003-07-25','1000-01-01'),(794,1,4,'2003-07-25','1000-01-01'),(795,1,4,'2003-07-25','1000-01-01'),(796,1,4,'2003-07-25','1000-01-01'),(797,1,4,'2003-07-25','1000-01-01'),(798,1,4,'2003-07-25','1000-01-01'),(799,1,4,'2003-07-25','1000-01-01'),(800,1,4,'2003-07-25','1000-01-01'),(801,1,4,'2003-07-25','1000-01-01'),(802,1,4,'2003-07-25','1000-01-01'),(803,1,4,'2003-07-25','1000-01-01'),(804,1,4,'2003-07-25','1000-01-01'),(805,1,4,'2003-07-25','1000-01-01'),(806,1,4,'2003-07-25','1000-01-01'),(807,1,4,'2004-07-25','1000-01-01'),(808,1,4,'2004-07-25','1000-01-01'),(809,1,4,'2004-07-25','1000-01-01'),(810,1,4,'2004-07-25','1000-01-01'),(811,1,4,'2004-07-25','1000-01-01'),(812,1,4,'2004-07-25','1000-01-01'),(813,1,4,'2004-07-25','1000-01-01'),(814,1,4,'2004-07-25','1000-01-01'),(815,1,4,'2004-07-25','1000-01-01'),(816,1,4,'2004-07-25','1000-01-01'),(817,1,4,'2004-07-25','1000-01-01'),(818,1,4,'2004-07-25','1000-01-01'),(819,1,4,'2004-07-25','1000-01-01'),(820,1,4,'2004-07-25','1000-01-01'),(821,1,4,'2004-07-25','1000-01-01'),(822,1,4,'2004-07-25','1000-01-01'),(823,1,4,'2004-07-25','1000-01-01'),(824,1,4,'2004-07-25','1000-01-01'),(825,1,4,'2004-07-25','1000-01-01'),(826,1,4,'2004-07-25','1000-01-01'),(827,1,4,'2004-07-25','1000-01-01'),(828,1,4,'2004-07-25','1000-01-01'),(829,1,4,'2004-07-25','1000-01-01'),(830,1,4,'2004-07-25','1000-01-01'),(831,1,4,'2005-07-25','1000-01-01'),(832,1,4,'2005-07-25','1000-01-01'),(833,1,4,'2005-07-25','1000-01-01'),(834,1,4,'2005-07-25','1000-01-01'),(835,1,4,'2005-07-25','1000-01-01'),(836,1,4,'2005-07-25','1000-01-01'),(837,1,4,'2005-07-25','1000-01-01'),(838,1,4,'2005-07-25','1000-01-01'),(839,1,4,'2005-07-25','1000-01-01'),(840,1,4,'2005-07-25','1000-01-01'),(841,1,4,'2005-07-25','1000-01-01'),(842,1,4,'2005-07-25','1000-01-01'),(843,1,4,'2005-07-25','1000-01-01'),(844,1,4,'2005-07-25','1000-01-01'),(845,1,4,'2005-07-25','1000-01-01'),(846,1,4,'2005-07-25','1000-01-01'),(847,1,4,'2005-07-25','1000-01-01'),(848,1,4,'2005-07-25','1000-01-01'),(849,1,4,'2005-07-25','1000-01-01'),(850,1,4,'2005-07-25','1000-01-01'),(851,1,4,'2005-07-25','1000-01-01'),(852,1,4,'2005-07-25','1000-01-01'),(853,1,4,'2005-07-25','1000-01-01'),(854,1,4,'2005-07-25','1000-01-01'),(855,1,4,'2005-07-25','1000-01-01'),(856,1,4,'2005-07-25','1000-01-01'),(857,1,4,'2005-07-25','1000-01-01'),(858,1,4,'2005-07-25','1000-01-01'),(859,1,4,'2005-07-25','1000-01-01'),(860,1,4,'2005-07-25','1000-01-01'),(861,1,4,'2006-07-25','1000-01-01'),(862,1,4,'2006-07-25','1000-01-01'),(863,1,4,'2006-07-25','1000-01-01'),(864,1,4,'2006-07-25','1000-01-01'),(865,1,4,'2006-07-25','1000-01-01'),(866,1,4,'2006-07-25','1000-01-01'),(867,1,4,'2006-07-25','1000-01-01'),(868,1,4,'2006-07-25','1000-01-01'),(869,1,4,'2006-07-25','1000-01-01'),(870,1,4,'2006-07-25','1000-01-01'),(871,1,4,'2006-07-25','1000-01-01'),(872,1,4,'2006-07-25','1000-01-01'),(873,1,4,'2006-07-25','1000-01-01'),(874,1,4,'2006-07-25','1000-01-01'),(875,1,4,'2006-07-25','1000-01-01'),(876,1,4,'2006-07-25','1000-01-01'),(877,1,4,'2006-07-25','1000-01-01'),(878,1,4,'2006-07-25','1000-01-01'),(879,1,4,'2006-07-25','1000-01-01'),(880,1,4,'2006-07-25','1000-01-01'),(881,1,4,'2006-07-25','1000-01-01'),(882,1,4,'2006-07-25','1000-01-01'),(883,1,4,'2006-07-25','1000-01-01'),(884,1,4,'2006-07-25','1000-01-01'),(885,1,4,'2006-07-25','1000-01-01'),(886,1,4,'2006-07-25','1000-01-01'),(887,1,4,'2006-07-25','1000-01-01'),(888,1,4,'2006-07-25','1000-01-01'),(889,1,4,'2006-07-25','1000-01-01'),(890,1,4,'2006-07-25','1000-01-01'),(891,1,4,'2006-07-25','1000-01-01'),(892,1,4,'2006-07-25','1000-01-01'),(893,1,4,'2006-07-25','1000-01-01'),(894,1,4,'2006-07-25','1000-01-01'),(895,1,4,'2006-07-25','1000-01-01'),(896,1,4,'2006-07-25','1000-01-01'),(897,1,4,'2006-07-25','1000-01-01'),(898,1,4,'2006-07-25','1000-01-01'),(899,1,4,'2006-07-25','1000-01-01'),(900,1,4,'2006-07-25','1000-01-01'),(901,1,4,'2006-07-25','1000-01-01'),(902,1,4,'2006-07-25','1000-01-01'),(903,1,4,'2006-07-25','1000-01-01'),(904,1,4,'2006-07-25','1000-01-01'),(905,1,4,'2006-07-25','1000-01-01'),(906,1,4,'2006-07-25','1000-01-01'),(907,1,4,'2006-07-25','1000-01-01'),(908,1,4,'2006-07-25','1000-01-01'),(909,1,4,'2006-07-25','1000-01-01'),(910,1,4,'2006-07-25','1000-01-01'),(911,1,6,'2002-07-25','1000-01-01'),(912,1,6,'2003-07-25','1000-01-01'),(913,1,6,'2003-07-25','1000-01-01'),(914,1,6,'2003-07-25','1000-01-01'),(915,1,6,'2003-07-25','1000-01-01'),(916,1,6,'2003-07-25','1000-01-01'),(917,1,6,'2003-07-25','1000-01-01'),(918,1,6,'2003-07-25','1000-01-01'),(919,1,6,'2003-07-25','1000-01-01'),(920,1,6,'2003-07-25','1000-01-01'),(921,1,6,'2003-07-25','1000-01-01'),(922,1,6,'2003-07-25','1000-01-01'),(923,1,6,'2003-07-25','1000-01-01'),(924,1,6,'2003-07-25','1000-01-01'),(925,1,6,'2003-07-25','1000-01-01'),(926,1,6,'2003-07-25','1000-01-01'),(927,1,6,'2003-07-25','1000-01-01'),(928,1,6,'2003-07-25','1000-01-01'),(929,1,6,'2003-07-25','1000-01-01'),(930,1,6,'2003-07-25','1000-01-01'),(931,1,6,'2004-07-25','2007-05-10'),(932,1,6,'2004-07-25','2007-05-10'),(933,1,6,'2004-07-25','2007-05-10'),(934,1,6,'2004-07-25','2007-05-10'),(935,1,6,'2004-07-25','2007-05-10'),(936,1,6,'2004-07-25','2007-05-10'),(937,1,6,'2004-07-25','2007-05-10'),(938,1,6,'2004-07-25','2007-05-10'),(939,1,6,'2004-07-25','2007-05-10'),(940,1,6,'2004-07-25','2007-05-10'),(941,1,6,'2004-07-25','2007-05-10'),(942,1,6,'2004-07-25','2007-05-10'),(943,1,6,'2004-07-25','2007-05-10'),(944,1,6,'2004-07-25','2007-05-10'),(945,1,6,'2004-07-25','2007-05-10'),(946,1,6,'2004-07-25','2007-05-10'),(947,1,6,'2004-07-25','2007-05-10'),(948,1,6,'2004-07-25','2007-05-10'),(949,1,6,'2004-07-25','2007-05-10'),(950,1,6,'2004-07-25','2007-05-10'),(951,1,6,'2004-07-25','2007-05-10'),(952,1,6,'2004-07-25','2007-05-10'),(953,1,6,'2005-07-25','2007-06-05'),(954,1,6,'2005-07-25','2007-06-05'),(955,1,6,'2005-07-25','2007-06-05'),(956,1,6,'2005-07-25','2007-06-05'),(957,1,6,'2005-07-25','2007-06-05'),(958,1,6,'2005-07-25','2007-06-05'),(959,1,6,'2005-07-25','2007-06-05'),(960,1,6,'2005-07-25','2007-06-05'),(961,1,6,'2005-07-25','2007-06-05'),(962,1,6,'2005-07-25','2007-06-05'),(963,1,6,'2005-07-25','2007-06-05'),(964,1,6,'2005-07-25','2007-06-05'),(965,1,6,'2005-07-25','2007-06-05'),(966,1,6,'2005-07-25','2007-06-05'),(967,1,6,'2005-07-25','2007-06-05'),(968,1,6,'2005-07-25','2007-06-05'),(969,1,6,'2005-07-25','2007-06-05'),(970,1,6,'2005-07-25','2007-06-05'),(971,1,6,'2005-07-25','2007-06-05'),(972,1,6,'2005-07-25','2007-06-05'),(973,1,6,'2005-07-25','2007-06-05'),(974,1,6,'2005-07-25','2007-06-05'),(975,1,6,'2005-07-25','2007-06-05'),(976,1,6,'2005-07-25','2007-06-05'),(977,1,6,'2005-07-25','2007-06-05'),(978,1,6,'2005-07-25','2007-06-05'),(979,1,6,'2006-07-25','1000-01-01'),(980,1,6,'2006-07-25','1000-01-01'),(981,1,6,'2006-07-25','1000-01-01'),(982,1,6,'2006-07-25','1000-01-01'),(983,1,6,'2006-07-25','1000-01-01'),(984,1,6,'2006-07-25','1000-01-01'),(985,1,6,'2006-07-25','1000-01-01'),(986,1,6,'2006-07-25','1000-01-01'),(987,1,6,'2006-07-25','1000-01-01'),(988,1,6,'2006-07-25','1000-01-01'),(989,1,6,'2006-07-25','1000-01-01'),(990,1,6,'2006-07-25','1000-01-01'),(991,1,6,'2006-07-25','1000-01-01'),(992,1,6,'2006-07-25','1000-01-01'),(993,1,6,'2006-07-25','1000-01-01'),(994,1,6,'2006-07-25','1000-01-01'),(995,1,6,'2006-07-25','1000-01-01'),(996,1,6,'2006-07-25','1000-01-01'),(997,1,6,'2006-07-25','1000-01-01'),(998,1,6,'2006-07-25','1000-01-01'),(999,1,6,'2006-07-25','1000-01-01'),(1000,1,6,'2006-07-25','1000-01-01'),(1001,1,6,'2006-07-25','1000-01-01'),(1002,1,6,'2006-07-25','1000-01-01'),(1003,1,6,'2006-07-25','1000-01-01'),(1004,1,6,'2006-07-25','1000-01-01'),(1005,1,6,'2006-07-25','1000-01-01'),(1006,1,6,'2006-07-25','1000-01-01'),(1007,1,6,'2006-07-25','1000-01-01'),(1008,1,6,'2006-07-25','1000-01-01'),(1009,1,6,'2006-07-25','1000-01-01'),(1010,1,6,'2006-07-25','1000-01-01'),(1011,1,6,'2006-07-25','1000-01-01'),(1012,1,7,'2002-07-25','1000-01-01'),(1013,1,7,'2003-07-25','1000-01-01'),(1014,1,7,'2003-07-25','1000-01-01'),(1015,1,7,'2003-07-25','1000-01-01'),(1016,1,7,'2003-07-25','1000-01-01'),(1017,1,7,'2003-07-25','1000-01-01'),(1018,1,7,'2003-07-25','1000-01-01'),(1019,1,7,'2003-07-25','1000-01-01'),(1020,1,7,'2003-07-25','1000-01-01'),(1021,1,7,'2003-07-25','1000-01-01'),(1022,1,7,'2003-07-25','1000-01-01'),(1023,1,7,'2003-07-25','1000-01-01'),(1024,1,7,'2003-07-25','1000-01-01'),(1025,1,7,'2003-07-25','1000-01-01'),(1026,1,7,'2003-07-25','1000-01-01'),(1027,1,7,'2003-07-25','1000-01-01'),(1028,1,7,'2003-07-25','1000-01-01'),(1029,1,7,'2003-07-25','1000-01-01'),(1030,1,7,'2003-07-25','1000-01-01'),(1031,1,7,'2003-07-25','1000-01-01'),(1032,1,7,'2004-07-25','1000-01-01'),(1033,1,7,'2004-07-25','1000-01-01'),(1034,1,7,'2004-07-25','1000-01-01'),(1035,1,7,'2004-07-25','1000-01-01'),(1036,1,7,'2004-07-25','1000-01-01'),(1037,1,7,'2004-07-25','1000-01-01'),(1038,1,7,'2004-07-25','1000-01-01'),(1039,1,7,'2004-07-25','1000-01-01'),(1040,1,7,'2004-07-25','1000-01-01'),(1041,1,7,'2004-07-25','1000-01-01'),(1042,1,7,'2004-07-25','1000-01-01'),(1043,1,7,'2004-07-25','1000-01-01'),(1044,1,7,'2004-07-25','1000-01-01'),(1045,1,7,'2004-07-25','1000-01-01'),(1046,1,7,'2004-07-25','1000-01-01'),(1047,1,7,'2004-07-25','1000-01-01'),(1048,1,7,'2004-07-25','1000-01-01'),(1049,1,7,'2004-07-25','1000-01-01'),(1050,1,7,'2004-07-25','1000-01-01'),(1051,1,7,'2004-07-25','1000-01-01'),(1052,1,7,'2004-07-25','1000-01-01'),(1053,1,7,'2005-07-25','1000-01-01'),(1054,1,7,'2005-07-25','1000-01-01'),(1055,1,7,'2005-07-25','1000-01-01'),(1056,1,7,'2005-07-25','1000-01-01'),(1057,1,7,'2005-07-25','1000-01-01'),(1058,1,7,'2005-07-25','1000-01-01'),(1059,1,7,'2005-07-25','1000-01-01'),(1060,1,7,'2005-07-25','1000-01-01'),(1061,1,7,'2005-07-25','1000-01-01'),(1062,1,7,'2005-07-25','1000-01-01'),(1063,1,7,'2005-07-25','1000-01-01'),(1064,1,7,'2005-07-25','1000-01-01'),(1065,1,7,'2005-07-25','1000-01-01'),(1066,1,7,'2005-07-25','1000-01-01'),(1067,1,7,'2005-07-25','1000-01-01'),(1068,1,7,'2005-07-25','1000-01-01'),(1069,1,7,'2005-07-25','1000-01-01'),(1070,1,7,'2005-07-25','1000-01-01'),(1071,1,7,'2005-07-25','1000-01-01'),(1072,1,7,'2005-07-25','1000-01-01'),(1073,1,7,'2005-07-25','1000-01-01'),(1074,1,7,'2005-07-25','1000-01-01'),(1075,1,7,'2005-07-25','1000-01-01'),(1076,1,7,'2005-07-25','1000-01-01'),(1077,1,7,'2005-07-25','1000-01-01'),(1078,1,7,'2005-07-25','1000-01-01'),(1079,1,7,'2005-07-25','1000-01-01'),(1080,1,7,'2005-07-25','1000-01-01'),(1081,1,7,'2005-07-25','1000-01-01'),(1082,1,7,'2006-07-25','1000-01-01'),(1083,1,7,'2006-07-25','1000-01-01'),(1084,1,7,'2006-07-25','1000-01-01'),(1085,1,7,'2006-07-25','1000-01-01'),(1086,1,7,'2006-07-25','1000-01-01'),(1087,1,7,'2006-07-25','1000-01-01'),(1088,1,7,'2006-07-25','1000-01-01'),(1089,1,7,'2006-07-25','1000-01-01'),(1090,1,7,'2006-07-25','1000-01-01'),(1091,1,7,'2006-07-25','1000-01-01'),(1092,1,7,'2006-07-25','1000-01-01'),(1093,1,7,'2006-07-25','1000-01-01'),(1094,1,7,'2006-07-25','1000-01-01'),(1095,1,7,'2006-07-25','1000-01-01'),(1096,1,7,'2006-07-25','1000-01-01'),(1097,1,7,'2006-07-25','1000-01-01'),(1098,1,7,'2006-07-25','1000-01-01'),(1099,1,7,'2006-07-25','1000-01-01'),(1100,1,7,'2006-07-25','1000-01-01'),(1101,1,7,'2006-07-25','1000-01-01'),(1102,1,7,'2006-07-25','1000-01-01'),(1103,1,7,'2006-07-25','1000-01-01'),(1104,1,7,'2006-07-25','1000-01-01'),(1105,1,7,'2006-07-25','1000-01-01'),(1106,1,7,'2006-07-25','1000-01-01'),(1107,1,7,'2006-07-25','1000-01-01'),(1108,1,7,'2006-07-25','1000-01-01'),(1109,1,7,'2006-07-25','1000-01-01'),(1110,1,7,'2006-07-25','1000-01-01'),(1111,1,7,'2006-07-25','1000-01-01'),(1112,1,7,'2006-07-25','1000-01-01'),(1113,1,7,'2006-07-25','1000-01-01'),(1114,1,7,'2006-07-25','1000-01-01'),(1115,1,7,'2006-07-25','1000-01-01'),(1116,1,7,'2006-07-25','1000-01-01'),(1117,1,7,'2006-07-25','1000-01-01'),(1118,1,7,'2006-07-25','1000-01-01'),(1119,1,7,'2006-07-25','1000-01-01'),(1120,1,7,'2006-07-25','1000-01-01'),(1121,1,7,'2006-07-25','1000-01-01'),(1122,1,8,'2006-07-25','1000-01-01'),(1123,1,8,'2006-07-25','1000-01-01'),(1124,1,8,'2006-07-25','1000-01-01'),(1125,1,8,'2006-07-25','1000-01-01'),(1126,1,8,'2006-07-25','1000-01-01'),(1127,1,8,'2006-07-25','1000-01-01'),(1128,1,8,'2006-07-25','1000-01-01'),(1129,1,8,'2006-07-25','1000-01-01'),(1130,1,8,'2006-07-25','1000-01-01'),(1131,1,8,'2006-07-25','1000-01-01'),(1132,1,8,'2006-07-25','1000-01-01'),(1133,1,8,'2006-07-25','1000-01-01'),(1134,1,8,'2006-07-25','1000-01-01'),(1135,1,8,'2006-07-25','1000-01-01'),(1136,1,8,'2006-07-25','1000-01-01'),(1137,1,8,'2006-07-25','1000-01-01'),(1138,1,8,'2006-07-25','1000-01-01'),(1139,1,8,'2006-07-25','1000-01-01'),(1140,1,9,'2006-07-25','1000-01-01'),(1141,1,9,'2006-07-25','1000-01-01'),(1142,1,9,'2006-07-25','1000-01-01'),(1143,1,9,'2006-07-25','1000-01-01'),(1144,1,9,'2006-07-25','1000-01-01'),(1145,1,9,'2006-07-25','1000-01-01'),(1146,1,9,'2006-07-25','1000-01-01'),(1147,1,9,'2006-07-25','1000-01-01'),(1148,1,9,'2006-07-25','1000-01-01'),(1149,1,9,'2006-07-25','1000-01-01'),(1150,1,9,'2006-07-25','1000-01-01'),(1151,1,9,'2006-07-25','1000-01-01'),(1152,1,9,'2006-07-25','1000-01-01'),(1153,1,9,'2006-07-25','1000-01-01'),(1154,1,9,'2006-07-25','1000-01-01'),(1155,1,9,'2006-07-25','1000-01-01'),(1156,1,9,'2006-07-25','1000-01-01'),(1157,2,1,'2004-07-25','1000-01-01'),(1158,2,1,'2005-07-25','1000-01-01'),(1159,2,1,'2005-07-25','1000-01-01'),(1160,2,1,'2005-07-25','1000-01-01'),(1161,2,1,'2005-07-25','1000-01-01'),(1162,2,1,'2005-07-25','1000-01-01'),(1163,2,1,'2005-07-25','1000-01-01'),(1164,2,1,'2005-07-25','1000-01-01'),(1165,2,1,'2005-07-25','1000-01-01'),(1166,2,1,'2005-07-25','1000-01-01'),(1167,2,1,'2005-07-25','1000-01-01'),(1168,2,1,'2005-07-25','1000-01-01'),(1169,2,1,'2005-07-25','1000-01-01'),(1170,2,1,'2005-07-25','1000-01-01'),(1171,2,1,'2005-07-25','1000-01-01'),(1172,2,1,'2005-07-25','1000-01-01'),(1173,2,1,'2005-07-25','1000-01-01'),(1174,2,1,'2005-07-25','1000-01-01'),(1175,2,1,'2005-07-25','1000-01-01'),(1176,2,1,'2005-07-25','1000-01-01'),(1177,2,1,'2005-07-25','1000-01-01'),(1178,2,1,'2005-07-25','1000-01-01'),(1179,2,1,'2005-07-25','1000-01-01'),(1180,2,1,'2005-07-25','1000-01-01'),(1181,2,1,'2005-07-25','1000-01-01'),(1182,2,1,'2005-07-25','1000-01-01'),(1183,2,1,'2005-07-25','1000-01-01'),(1184,2,1,'2005-07-25','1000-01-01'),(1185,2,1,'2005-07-25','1000-01-01'),(1186,2,1,'2005-07-25','1000-01-01'),(1187,2,1,'2005-07-25','1000-01-01'),(1188,2,1,'2005-07-25','1000-01-01'),(1189,2,1,'2005-07-25','1000-01-01'),(1190,2,1,'2005-07-25','1000-01-01'),(1191,2,1,'2005-07-25','1000-01-01'),(1192,2,1,'2005-07-25','1000-01-01'),(1193,2,1,'2005-07-25','1000-01-01'),(1194,2,1,'2005-07-25','1000-01-01'),(1195,2,1,'2006-07-25','1000-01-01'),(1196,2,1,'2006-07-25','1000-01-01'),(1197,2,1,'2006-07-25','1000-01-01'),(1198,2,1,'2006-07-25','1000-01-01'),(1199,2,1,'2006-07-25','1000-01-01'),(1200,2,1,'2006-07-25','1000-01-01'),(1201,2,1,'2006-07-25','1000-01-01'),(1202,2,1,'2006-07-25','1000-01-01'),(1203,16,1,'2006-07-25','1000-01-01'),(1204,2,1,'2006-07-25','1000-01-01'),(1205,2,1,'2006-07-25','1000-01-01'),(1206,2,1,'2006-07-25','1000-01-01'),(1207,2,1,'2006-07-25','1000-01-01'),(1208,16,1,'2006-07-25','1000-01-01'),(1209,16,1,'2006-07-25','1000-01-01'),(1210,16,1,'2006-07-25','1000-01-01'),(1211,2,1,'2006-07-25','1000-01-01'),(1212,16,1,'2006-07-25','1000-01-01'),(1213,2,1,'2006-07-25','1000-01-01'),(1214,2,1,'2006-07-25','1000-01-01'),(1215,16,1,'2006-07-25','1000-01-01'),(1216,2,1,'2006-07-25','1000-01-01'),(1217,16,1,'2006-07-25','1000-01-01'),(1218,2,1,'2006-07-25','1000-01-01'),(1219,2,1,'2006-07-25','1000-01-01'),(1220,2,1,'2006-07-25','1000-01-01'),(1221,2,1,'2006-07-25','1000-01-01'),(1222,16,1,'2006-07-25','1000-01-01'),(1223,2,1,'2006-07-25','1000-01-01'),(1224,16,1,'2006-07-25','1000-01-01'),(1225,2,1,'2006-07-25','1000-01-01'),(1226,2,1,'2006-07-25','1000-01-01'),(1227,2,1,'2006-07-25','1000-01-01'),(1228,2,1,'2006-07-25','1000-01-01'),(1229,16,1,'2006-07-25','1000-01-01'),(1230,16,1,'2006-07-25','1000-01-01'),(1231,2,1,'2006-07-25','1000-01-01'),(1232,2,1,'2006-07-25','1000-01-01'),(1233,2,1,'2006-07-25','1000-01-01'),(1234,2,1,'2006-07-25','1000-01-01'),(1235,2,1,'2006-07-25','1000-01-01'),(1236,2,1,'2006-07-25','1000-01-01'),(1237,2,1,'2006-07-25','1000-01-01'),(1238,2,2,'2003-07-25','1000-01-01'),(1239,2,2,'2004-07-25','1000-01-01'),(1240,2,2,'2005-07-25','1000-01-01'),(1241,2,2,'2005-07-25','1000-01-01'),(1242,2,2,'2005-07-25','1000-01-01'),(1243,2,2,'2005-07-25','1000-01-01'),(1244,2,2,'2005-07-25','1000-01-01'),(1245,2,2,'2005-07-25','1000-01-01'),(1246,2,2,'2005-07-25','1000-01-01'),(1247,2,2,'2005-07-25','1000-01-01'),(1248,2,2,'2005-07-25','1000-01-01'),(1249,2,2,'2005-07-25','1000-01-01'),(1250,2,2,'2005-07-25','1000-01-01'),(1251,2,2,'2005-07-25','1000-01-01'),(1252,2,2,'2005-07-25','1000-01-01'),(1253,2,2,'2005-07-25','1000-01-01'),(1254,2,2,'2005-07-25','1000-01-01'),(1255,2,2,'2005-07-25','1000-01-01'),(1256,2,2,'2005-07-25','1000-01-01'),(1257,2,2,'2005-07-25','1000-01-01'),(1258,2,2,'2005-07-25','1000-01-01'),(1259,2,2,'2005-07-25','1000-01-01'),(1260,2,2,'2005-07-25','1000-01-01'),(1261,2,2,'2005-07-25','1000-01-01'),(1262,2,2,'2005-07-25','1000-01-01'),(1263,2,2,'2005-07-25','1000-01-01'),(1264,2,2,'2005-07-25','1000-01-01'),(1265,2,2,'2005-07-25','1000-01-01'),(1266,2,2,'2005-07-25','1000-01-01'),(1267,2,2,'2005-07-25','1000-01-01'),(1268,2,2,'2005-07-25','1000-01-01'),(1269,2,2,'2005-07-25','1000-01-01'),(1270,2,2,'2005-07-25','1000-01-01'),(1271,2,2,'2005-07-25','1000-01-01'),(1272,2,2,'2005-07-25','1000-01-01'),(1273,2,2,'2005-07-25','1000-01-01'),(1274,2,2,'2005-07-25','1000-01-01'),(1275,2,2,'2005-07-25','1000-01-01'),(1276,9,2,'2006-07-25','1000-01-01'),(1277,9,2,'2006-07-25','1000-01-01'),(1278,9,2,'2006-07-25','1000-01-01'),(1279,8,2,'2006-07-25','1000-01-01'),(1280,9,2,'2006-07-25','1000-01-01'),(1281,8,2,'2006-07-25','1000-01-01'),(1282,9,2,'2006-07-25','1000-01-01'),(1283,9,2,'2006-07-25','1000-01-01'),(1284,9,2,'2006-07-25','1000-01-01'),(1285,9,2,'2006-07-25','1000-01-01'),(1286,9,2,'2006-07-25','1000-01-01'),(1287,9,2,'2006-07-25','1000-01-01'),(1288,9,2,'2006-07-25','1000-01-01'),(1289,9,2,'2006-07-25','1000-01-01'),(1290,9,2,'2006-07-25','1000-01-01'),(1291,9,2,'2006-07-25','1000-01-01'),(1292,9,2,'2006-07-25','1000-01-01'),(1293,8,2,'2006-07-25','1000-01-01'),(1294,9,2,'2006-07-25','1000-01-01'),(1295,9,2,'2006-07-25','1000-01-01'),(1296,9,2,'2006-07-25','1000-01-01'),(1297,9,2,'2006-07-25','1000-01-01'),(1298,9,2,'2006-07-25','1000-01-01'),(1299,9,2,'2006-07-25','1000-01-01'),(1300,8,2,'2006-07-25','1000-01-01'),(1301,9,2,'2006-07-25','1000-01-01'),(1302,9,2,'2006-07-25','1000-01-01'),(1303,8,2,'2006-07-25','1000-01-01'),(1304,9,2,'2006-07-25','1000-01-01'),(1305,9,2,'2006-07-25','1000-01-01'),(1306,9,2,'2006-07-25','1000-01-01'),(1307,9,2,'2006-07-25','1000-01-01'),(1308,9,2,'2006-07-25','1000-01-01'),(1309,9,2,'2006-07-25','1000-01-01'),(1310,9,2,'2006-07-25','1000-01-01'),(1311,9,2,'2006-07-25','1000-01-01'),(1312,9,2,'2006-07-25','1000-01-01'),(1313,9,2,'2006-07-25','1000-01-01'),(1314,9,2,'2006-07-25','1000-01-01'),(1315,9,2,'2006-07-25','1000-01-01'),(1316,9,2,'2006-07-25','1000-01-01'),(1317,9,2,'2006-07-25','1000-01-01'),(1318,9,2,'2006-07-25','1000-01-01'),(1319,9,2,'2006-07-25','1000-01-01'),(1320,2,3,'2005-07-25','1000-01-01'),(1321,2,3,'2005-07-25','1000-01-01'),(1322,2,3,'2005-07-25','1000-01-01'),(1323,2,3,'2005-07-25','1000-01-01'),(1324,2,3,'2005-07-25','1000-01-01'),(1325,2,3,'2005-07-25','1000-01-01'),(1326,2,3,'2005-07-25','1000-01-01'),(1327,2,3,'2005-07-25','1000-01-01'),(1328,2,3,'2005-07-25','1000-01-01'),(1329,2,3,'2005-07-25','1000-01-01'),(1330,2,3,'2005-07-25','1000-01-01'),(1331,2,3,'2005-07-25','1000-01-01'),(1332,2,3,'2005-07-25','1000-01-01'),(1333,2,3,'2005-07-25','1000-01-01'),(1334,2,3,'2005-07-25','1000-01-01'),(1335,2,3,'2005-07-25','1000-01-01'),(1336,2,3,'2005-07-25','1000-01-01'),(1337,2,3,'2005-07-25','1000-01-01'),(1338,2,3,'2005-07-25','1000-01-01'),(1339,2,3,'2005-07-25','1000-01-01'),(1340,2,3,'2005-07-25','1000-01-01'),(1341,2,3,'2005-07-25','1000-01-01'),(1342,2,3,'2005-07-25','1000-01-01'),(1343,2,3,'2005-07-25','1000-01-01'),(1344,2,3,'2005-07-25','1000-01-01'),(1345,2,3,'2005-07-25','1000-01-01'),(1346,2,3,'2005-07-25','1000-01-01'),(1347,2,3,'2005-07-25','1000-01-01'),(1348,2,3,'2005-07-25','1000-01-01'),(1349,2,3,'2005-07-25','1000-01-01'),(1350,2,3,'2005-07-25','1000-01-01'),(1351,2,3,'2005-07-25','1000-01-01'),(1352,2,3,'2005-07-25','1000-01-01'),(1353,2,3,'2005-07-25','1000-01-01'),(1354,2,3,'2005-07-25','1000-01-01'),(1355,2,3,'2005-07-25','1000-01-01'),(1356,10,3,'2006-07-25','1000-01-01'),(1357,10,3,'2006-07-25','1000-01-01'),(1358,10,3,'2006-07-25','1000-01-01'),(1359,10,3,'2006-07-25','1000-01-01'),(1360,11,3,'2006-07-25','1000-01-01'),(1361,11,3,'2006-07-25','1000-01-01'),(1362,11,3,'2006-07-25','1000-01-01'),(1363,11,3,'2006-07-25','1000-01-01'),(1364,11,3,'2006-07-25','1000-01-01'),(1365,10,3,'2006-07-25','1000-01-01'),(1366,10,3,'2006-07-25','1000-01-01'),(1367,11,3,'2006-07-25','1000-01-01'),(1368,10,3,'2006-07-25','1000-01-01'),(1369,10,3,'2006-07-25','1000-01-01'),(1370,10,3,'2006-07-25','1000-01-01'),(1371,10,3,'2006-07-25','1000-01-01'),(1372,10,3,'2006-07-25','1000-01-01'),(1373,10,3,'2006-07-25','1000-01-01'),(1374,10,3,'2006-07-25','1000-01-01'),(1375,11,3,'2006-07-25','1000-01-01'),(1376,10,3,'2006-07-25','1000-01-01'),(1377,10,3,'2006-07-25','1000-01-01'),(1378,10,3,'2006-07-25','1000-01-01'),(1379,11,3,'2006-07-25','1000-01-01'),(1380,10,3,'2006-07-25','1000-01-01'),(1381,11,3,'2006-07-25','1000-01-01'),(1382,11,3,'2006-07-25','1000-01-01'),(1383,11,3,'2006-07-25','1000-01-01'),(1384,11,3,'2006-07-25','1000-01-01'),(1385,10,3,'2006-07-25','1000-01-01'),(1386,10,3,'2006-07-25','1000-01-01'),(1387,10,3,'2006-07-25','1000-01-01'),(1388,11,3,'2006-07-25','1000-01-01'),(1389,11,3,'2006-07-25','1000-01-01'),(1390,11,3,'2006-07-25','1000-01-01'),(1391,11,3,'2006-07-25','1000-01-01'),(1392,10,3,'2006-07-25','1000-01-01'),(1393,11,3,'2006-07-25','1000-01-01'),(1394,11,3,'2006-07-25','1000-01-01'),(1395,11,3,'2006-07-25','1000-01-01'),(1396,11,3,'2006-07-25','1000-01-01'),(1397,11,3,'2006-07-25','1000-01-01'),(1398,10,3,'2006-07-25','1000-01-01'),(1399,10,3,'2006-07-25','1000-01-01'),(1400,10,3,'2006-07-25','1000-01-01'),(1401,11,3,'2006-07-25','1000-01-01'),(1402,11,3,'2006-07-25','1000-01-01'),(1403,11,3,'2006-07-25','1000-01-01'),(1404,11,3,'2006-07-25','1000-01-01'),(1405,10,3,'2006-07-25','1000-01-01'),(1406,10,3,'2006-07-25','1000-01-01'),(1407,2,4,'2003-07-25','1000-01-01'),(1408,2,4,'2003-07-25','1000-01-01'),(1409,2,4,'2005-07-25','1000-01-01'),(1410,2,4,'2005-07-25','1000-01-01'),(1411,2,4,'2005-07-25','1000-01-01'),(1412,2,4,'2005-07-25','1000-01-01'),(1413,2,4,'2005-07-25','1000-01-01'),(1414,2,4,'2005-07-25','1000-01-01'),(1415,2,4,'2005-07-25','1000-01-01'),(1416,2,4,'2005-07-25','1000-01-01'),(1417,2,4,'2005-07-25','1000-01-01'),(1418,2,4,'2005-07-25','1000-01-01'),(1419,2,4,'2005-07-25','1000-01-01'),(1420,2,4,'2005-07-25','1000-01-01'),(1421,2,4,'2005-07-25','1000-01-01'),(1422,2,4,'2005-07-25','1000-01-01'),(1423,2,4,'2005-07-25','1000-01-01'),(1424,2,4,'2005-07-25','1000-01-01'),(1425,2,4,'2005-07-25','1000-01-01'),(1426,2,4,'2005-07-25','1000-01-01'),(1427,2,4,'2005-07-25','1000-01-01'),(1428,2,4,'2005-07-25','1000-01-01'),(1429,2,4,'2005-07-25','1000-01-01'),(1430,2,4,'2005-07-25','1000-01-01'),(1431,2,4,'2005-07-25','1000-01-01'),(1432,2,4,'2005-07-25','1000-01-01'),(1433,2,4,'2005-07-25','1000-01-01'),(1434,2,4,'2005-07-25','1000-01-01'),(1435,12,4,'2006-07-25','1000-01-01'),(1436,12,4,'2006-07-25','1000-01-01'),(1437,12,4,'2006-07-25','1000-01-01'),(1438,12,4,'2006-07-25','1000-01-01'),(1439,12,4,'2006-07-25','1000-01-01'),(1440,12,4,'2006-07-25','1000-01-01'),(1441,12,4,'2006-07-25','1000-01-01'),(1442,12,4,'2006-07-25','1000-01-01'),(1443,12,4,'2006-07-25','1000-01-01'),(1444,12,4,'2006-07-25','1000-01-01'),(1445,12,4,'2006-07-25','1000-01-01'),(1446,12,4,'2006-07-25','1000-01-01'),(1447,12,4,'2006-07-25','1000-01-01'),(1448,12,4,'2006-07-25','1000-01-01'),(1449,12,4,'2006-07-25','1000-01-01'),(1450,12,4,'2006-07-25','1000-01-01'),(1451,12,4,'2006-07-25','1000-01-01'),(1452,12,4,'2006-07-25','1000-01-01'),(1453,12,4,'2006-07-25','1000-01-01'),(1454,14,4,'2006-07-25','1000-01-01'),(1455,14,4,'2006-07-25','1000-01-01'),(1456,14,4,'2006-07-25','1000-01-01'),(1457,14,4,'2006-07-25','1000-01-01'),(1458,14,4,'2006-07-25','1000-01-01'),(1459,14,4,'2006-07-25','1000-01-01'),(1460,14,4,'2006-07-25','1000-01-01'),(1461,14,4,'2006-07-25','1000-01-01'),(1462,14,4,'2006-07-25','1000-01-01'),(1463,13,4,'2006-07-25','1000-01-01'),(1464,13,4,'2006-07-25','1000-01-01'),(1465,13,4,'2006-07-25','1000-01-01'),(1466,13,4,'2006-07-25','1000-01-01'),(1467,13,4,'2006-07-25','1000-01-01'),(1468,13,4,'2006-07-25','1000-01-01'),(1469,13,4,'2006-07-25','1000-01-01'),(1470,13,4,'2006-07-25','1000-01-01'),(1471,13,4,'2006-07-25','1000-01-01'),(1472,13,4,'2006-07-25','1000-01-01'),(1473,2,7,'2005-07-25','1000-01-01'),(1474,2,7,'2005-07-25','1000-01-01'),(1475,2,7,'2005-07-25','1000-01-01'),(1476,2,7,'2005-07-25','1000-01-01'),(1477,2,7,'2005-07-25','1000-01-01'),(1478,2,7,'2005-07-25','1000-01-01'),(1479,2,7,'2005-07-25','1000-01-01'),(1480,2,7,'2005-07-25','1000-01-01'),(1481,2,7,'2005-07-25','1000-01-01'),(1482,2,7,'2005-07-25','1000-01-01'),(1483,2,7,'2005-07-25','1000-01-01'),(1484,2,7,'2005-07-25','1000-01-01'),(1485,2,7,'2005-07-25','1000-01-01'),(1486,2,7,'2005-07-25','1000-01-01'),(1487,2,7,'2005-07-25','1000-01-01'),(1488,2,7,'2005-07-25','1000-01-01'),(1489,2,7,'2005-07-25','1000-01-01'),(1490,2,7,'2005-07-25','1000-01-01'),(1491,15,7,'2006-07-25','1000-01-01'),(1492,15,7,'2006-07-25','1000-01-01'),(1493,15,7,'2006-07-25','1000-01-01'),(1494,15,7,'2006-07-25','1000-01-01'),(1495,15,7,'2006-07-25','1000-01-01'),(1496,15,7,'2006-07-25','1000-01-01'),(1497,15,7,'2006-07-25','1000-01-01'),(1498,15,7,'2006-07-25','1000-01-01'),(1499,15,7,'2006-07-25','1000-01-01'),(1500,15,7,'2006-07-25','1000-01-01'),(1501,15,7,'2006-07-25','1000-01-01'),(1502,15,7,'2006-07-25','1000-01-01'),(1503,15,7,'2006-07-25','1000-01-01'),(1504,15,7,'2006-07-25','1000-01-01'),(1505,15,7,'2006-07-25','1000-01-01'),(1506,15,7,'2006-07-25','1000-01-01'),(1507,15,7,'2006-07-25','1000-01-01'),(1508,15,7,'2006-07-25','1000-01-01'),(1509,15,7,'2006-07-25','1000-01-01'),(1510,15,7,'2006-07-25','1000-01-01'),(1511,15,7,'2006-07-25','1000-01-01'),(1512,15,7,'2006-07-25','1000-01-01'),(1513,15,7,'2006-07-25','1000-01-01'),(1514,15,7,'2006-07-25','1000-01-01'),(1515,4,10,'2005-07-25','1000-01-01'),(1516,4,10,'2005-07-25','1000-01-01'),(1517,4,10,'2005-07-25','1000-01-01'),(1518,4,10,'2005-07-25','1000-01-01'),(1519,4,10,'2005-07-25','1000-01-01'),(1520,4,10,'2005-07-25','1000-01-01'),(1521,4,10,'2005-07-25','1000-01-01'),(1522,4,10,'2005-07-25','1000-01-01'),(1523,4,10,'2005-07-25','1000-01-01'),(1524,4,10,'2005-07-25','1000-01-01'),(1525,4,10,'2005-07-25','1000-01-01'),(1526,4,10,'2005-07-25','1000-01-01'),(1527,4,10,'2005-07-25','1000-01-01'),(1528,4,10,'2005-07-25','1000-01-01'),(1529,4,10,'2005-07-25','1000-01-01'),(1530,4,10,'2005-07-25','1000-01-01'),(1531,4,10,'2006-07-25','1000-01-01'),(1532,4,10,'2006-07-25','1000-01-01'),(1533,4,10,'2006-07-25','1000-01-01'),(1534,4,10,'2006-07-25','1000-01-01'),(1535,4,10,'2006-07-25','1000-01-01'),(1536,4,10,'2006-07-25','1000-01-01'),(1537,4,10,'2006-07-25','1000-01-01'),(1538,4,10,'2006-07-25','1000-01-01'),(1539,4,10,'2006-07-25','1000-01-01'),(1540,4,10,'2006-07-25','1000-01-01'),(1541,4,10,'2006-07-25','1000-01-01'),(1542,4,10,'2006-07-25','1000-01-01'),(1543,4,10,'2006-07-25','1000-01-01'),(1544,4,10,'2006-07-25','1000-01-01'),(1545,4,10,'2006-07-25','1000-01-01'),(1546,4,10,'2006-07-25','1000-01-01'),(1547,4,10,'2006-07-25','1000-01-01'),(1548,4,10,'2006-07-25','1000-01-01'),(1549,4,10,'2006-07-25','1000-01-01'),(1550,4,10,'2006-07-25','1000-01-01'),(1551,4,10,'2006-07-25','1000-01-01'),(1552,4,10,'2006-07-25','1000-01-01'),(1553,4,10,'2006-07-25','1000-01-01'),(1554,4,10,'2006-07-25','1000-01-01'),(1555,4,10,'2006-07-25','1000-01-01'),(1556,4,10,'2006-07-25','1000-01-01'),(1557,4,10,'2006-07-25','1000-01-01'),(1558,4,9,'2004-07-25','1000-01-01'),(1559,4,9,'2005-07-25','1000-01-01'),(1560,4,9,'2005-07-25','1000-01-01'),(1561,4,9,'2005-07-25','1000-01-01'),(1562,4,9,'2005-07-25','1000-01-01'),(1563,4,9,'2005-07-25','1000-01-01'),(1564,4,9,'2005-07-25','1000-01-01'),(1565,4,9,'2005-07-25','1000-01-01'),(1566,4,9,'2005-07-25','1000-01-01'),(1567,4,9,'2005-07-25','1000-01-01'),(1568,4,9,'2005-07-25','1000-01-01'),(1569,4,9,'2005-07-25','1000-01-01'),(1570,4,9,'2005-07-25','1000-01-01'),(1571,4,9,'2005-07-25','1000-01-01'),(1572,4,9,'2005-07-25','1000-01-01'),(1573,4,9,'2005-07-25','1000-01-01'),(1574,4,9,'2005-07-25','1000-01-01'),(1575,4,9,'2005-07-25','1000-01-01'),(1576,4,9,'2005-07-25','1000-01-01'),(1577,4,9,'2006-07-25','1000-01-01'),(1578,4,9,'2006-07-25','1000-01-01'),(1579,4,9,'2006-07-25','1000-01-01'),(1580,4,9,'2006-07-25','1000-01-01'),(1581,4,9,'2006-07-25','1000-01-01'),(1582,4,9,'2006-07-25','1000-01-01'),(1583,4,9,'2006-07-25','1000-01-01'),(1584,4,9,'2006-07-25','1000-01-01'),(1585,4,9,'2006-07-25','1000-01-01'),(1586,4,9,'2006-07-25','1000-01-01'),(1587,4,9,'2006-07-25','1000-01-01'),(1588,4,9,'2006-07-25','1000-01-01'),(1589,4,9,'2006-07-25','1000-01-01'),(1590,4,9,'2006-07-25','1000-01-01'),(1591,4,9,'2006-07-25','1000-01-01'),(1592,4,9,'2006-07-25','1000-01-01'),(1593,4,9,'2006-07-25','1000-01-01'),(1594,4,9,'2006-07-25','1000-01-01'),(1595,4,9,'2006-07-25','1000-01-01'),(1596,4,9,'2006-07-25','1000-01-01'),(1597,4,9,'2006-07-25','1000-01-01'),(1598,4,9,'2006-07-25','1000-01-01'),(1599,4,9,'2006-07-25','1000-01-01'),(1600,4,9,'2006-07-25','1000-01-01'),(1601,4,9,'2006-07-25','1000-01-01'),(1602,4,9,'2006-07-25','1000-01-01'),(1603,4,8,'2005-07-25','1000-01-01'),(1604,4,8,'2005-07-25','1000-01-01'),(1605,4,8,'2005-07-25','1000-01-01'),(1606,4,8,'2005-07-25','1000-01-01'),(1607,4,8,'2005-07-25','1000-01-01'),(1608,4,8,'2005-07-25','1000-01-01'),(1609,4,8,'2005-07-25','1000-01-01'),(1610,4,8,'2005-07-25','1000-01-01'),(1611,4,8,'2005-07-25','1000-01-01'),(1612,4,8,'2005-07-25','1000-01-01'),(1613,4,8,'2005-07-25','1000-01-01'),(1614,4,8,'2005-07-25','1000-01-01'),(1615,4,8,'2005-07-25','1000-01-01'),(1616,4,8,'2005-07-25','1000-01-01'),(1617,4,8,'2005-07-25','1000-01-01'),(1618,4,8,'2005-07-25','1000-01-01'),(1619,4,8,'2006-07-25','1000-01-01'),(1620,4,8,'2006-07-25','1000-01-01'),(1621,4,8,'2006-07-25','1000-01-01'),(1622,4,8,'2006-07-25','1000-01-01'),(1623,4,8,'2006-07-25','1000-01-01'),(1624,4,8,'2006-07-25','1000-01-01'),(1625,4,8,'2006-07-25','1000-01-01'),(1626,4,8,'2006-07-25','1000-01-01'),(1627,4,8,'2006-07-25','1000-01-01'),(1628,4,8,'2006-07-25','1000-01-01'),(1629,4,8,'2006-07-25','1000-01-01'),(1630,4,8,'2006-07-25','1000-01-01'),(1631,4,8,'2006-07-25','1000-01-01'),(1632,4,8,'2006-07-25','1000-01-01'),(1633,4,8,'2006-07-25','1000-01-01'),(1634,4,8,'2006-07-25','1000-01-01'),(1635,4,8,'2006-07-25','1000-01-01'),(1636,4,8,'2006-07-25','1000-01-01'),(1637,4,8,'2006-07-25','1000-01-01'),(1638,4,8,'2006-07-25','1000-01-01'),(1639,4,8,'2006-07-25','1000-01-01'),(1640,4,8,'2006-07-25','1000-01-01'),(1641,6,10,'2005-07-25','1000-01-01'),(1642,6,10,'2005-07-25','1000-01-01'),(1643,6,10,'2005-07-25','1000-01-01'),(1644,6,10,'2005-07-25','1000-01-01'),(1645,6,10,'2005-07-25','1000-01-01'),(1646,6,10,'2005-07-25','1000-01-01'),(1647,6,10,'2005-07-25','1000-01-01'),(1648,6,10,'2006-07-25','1000-01-01'),(1649,6,10,'2006-07-25','1000-01-01'),(1650,6,10,'2006-07-25','1000-01-01'),(1651,6,10,'2006-07-25','1000-01-01'),(1652,6,10,'2006-07-25','1000-01-01'),(1653,6,10,'2006-07-25','1000-01-01'),(1654,6,10,'2006-07-25','1000-01-01'),(1655,6,10,'2006-07-25','1000-01-01'),(1656,6,10,'2006-07-25','1000-01-01'),(1657,7,5,'1999-07-25','1000-01-01'),(1658,7,5,'2003-07-25','1000-01-01'),(1659,7,5,'2003-07-25','1000-01-01'),(1660,7,5,'2003-07-25','1000-01-01'),(1661,7,5,'2003-07-25','1000-01-01'),(1662,7,5,'2003-07-25','1000-01-01'),(1663,7,5,'2003-07-25','1000-01-01'),(1664,7,5,'2003-07-25','1000-01-01'),(1665,7,5,'2003-07-25','1000-01-01'),(1666,7,5,'2003-07-25','1000-01-01'),(1667,7,5,'2003-07-25','1000-01-01'),(1668,7,5,'2003-07-25','1000-01-01'),(1669,7,5,'2003-07-25','1000-01-01'),(1670,7,5,'2003-07-25','1000-01-01'),(1671,7,5,'2003-07-25','1000-01-01'),(1672,7,5,'2003-07-25','1000-01-01'),(1673,7,5,'2003-07-25','1000-01-01'),(1674,7,5,'2004-07-25','1000-01-01'),(1675,7,5,'2004-07-25','1000-01-01'),(1676,7,5,'2004-07-25','1000-01-01'),(1677,7,5,'2004-07-25','1000-01-01'),(1678,7,5,'2004-07-25','1000-01-01'),(1679,7,5,'2004-07-25','1000-01-01'),(1680,7,5,'2004-07-25','1000-01-01'),(1681,7,5,'2004-07-25','1000-01-01'),(1682,7,5,'2004-07-25','1000-01-01'),(1683,7,5,'2004-07-25','1000-01-01'),(1684,7,5,'2004-07-25','1000-01-01'),(1685,7,5,'2004-07-25','1000-01-01'),(1686,7,5,'2004-07-25','1000-01-01'),(1687,7,5,'2004-07-25','1000-01-01'),(1688,7,5,'2004-07-25','1000-01-01'),(1689,7,5,'2004-07-25','1000-01-01'),(1690,7,5,'2004-07-25','1000-01-01'),(1691,7,5,'2004-07-25','1000-01-01'),(1692,7,5,'2004-07-25','1000-01-01'),(1693,7,5,'2005-07-25','1000-01-01'),(1694,7,5,'2005-07-25','1000-01-01'),(1695,7,5,'2005-07-25','1000-01-01'),(1696,7,5,'2005-07-25','1000-01-01'),(1697,7,5,'2005-07-25','1000-01-01'),(1698,7,5,'2005-07-25','1000-01-01'),(1699,7,5,'2005-07-25','1000-01-01'),(1700,7,5,'2005-07-25','1000-01-01'),(1701,7,5,'2005-07-25','1000-01-01'),(1702,7,5,'2005-07-25','1000-01-01'),(1703,7,5,'2005-07-25','1000-01-01'),(1704,7,5,'2005-07-25','1000-01-01'),(1705,7,5,'2005-07-25','1000-01-01'),(1706,7,5,'2005-07-25','1000-01-01'),(1707,7,5,'2005-07-25','1000-01-01'),(1708,7,5,'2005-07-25','1000-01-01'),(1709,7,5,'2005-07-25','1000-01-01'),(1710,7,5,'2006-07-25','1000-01-01'),(1711,7,5,'2006-07-25','1000-01-01'),(1712,7,5,'2006-07-25','1000-01-01'),(1713,7,5,'2006-07-25','1000-01-01'),(1714,7,5,'2006-07-25','1000-01-01'),(1715,7,5,'2006-07-25','1000-01-01'),(1716,7,5,'2006-07-25','1000-01-01'),(1717,7,5,'2006-07-25','1000-01-01'),(1718,7,5,'2006-07-25','1000-01-01'),(1719,7,5,'2006-07-25','1000-01-01'),(1720,7,5,'2006-07-25','1000-01-01'),(1721,7,5,'2006-07-25','1000-01-01'),(1722,7,5,'2006-07-25','1000-01-01'),(1723,7,5,'2006-07-25','1000-01-01'),(1724,7,5,'2006-07-25','1000-01-01'),(1725,7,5,'2006-07-25','1000-01-01'),(1726,7,5,'2006-07-25','1000-01-01'),(1727,7,5,'2006-07-25','1000-01-01'),(1728,7,5,'2006-07-25','1000-01-01'),(1729,7,5,'2006-07-25','1000-01-01'),(1730,7,5,'2006-07-25','1000-01-01'),(1731,7,5,'2006-07-25','1000-01-01'),(1732,7,5,'2006-07-25','1000-01-01'),(1733,7,5,'2006-07-25','1000-01-01'),(1734,3,1,'2001-07-25','1000-01-01'),(1735,3,1,'2003-07-25','1000-01-01'),(1736,3,1,'2003-07-25','1000-01-01'),(1737,3,1,'2003-07-25','1000-01-01'),(1738,3,1,'2003-07-25','1000-01-01'),(1739,3,1,'2003-07-25','1000-01-01'),(1740,3,1,'2003-07-25','1000-01-01'),(1741,3,1,'2003-07-25','1000-01-01'),(1742,3,1,'2004-07-25','1000-01-01'),(1743,3,1,'2004-07-25','1000-01-01'),(1744,3,1,'2004-07-25','1000-01-01'),(1745,3,1,'2004-07-25','1000-01-01'),(1746,3,1,'2004-07-25','1000-01-01'),(1747,3,1,'2004-07-25','1000-01-01'),(1748,3,1,'2005-07-25','1000-01-01'),(1749,3,1,'2005-07-25','1000-01-01'),(1750,3,1,'2005-07-25','1000-01-01'),(1751,3,1,'2006-07-25','1000-01-01'),(1752,3,1,'2006-07-25','1000-01-01'),(1753,3,1,'2006-07-25','1000-01-01'),(1754,3,2,'2009-07-25','1000-01-01'),(1755,3,2,'2001-07-25','1000-01-01'),(1756,3,2,'2001-07-25','1000-01-01'),(1757,3,2,'2002-07-25','1000-01-01'),(1758,3,2,'2002-07-25','1000-01-01'),(1759,3,2,'2002-07-25','1000-01-01'),(1760,3,2,'2002-07-25','1000-01-01'),(1761,3,2,'2003-07-25','1000-01-01'),(1762,3,2,'2003-07-25','1000-01-01'),(1763,3,2,'2003-07-25','1000-01-01'),(1764,3,2,'2003-07-25','1000-01-01'),(1765,3,2,'2003-07-25','1000-01-01'),(1766,3,2,'2004-07-25','1000-01-01'),(1767,3,2,'2004-07-25','1000-01-01'),(1768,3,2,'2004-07-25','1000-01-01'),(1769,3,2,'2004-07-25','1000-01-01'),(1770,3,2,'2004-07-25','1000-01-01'),(1771,3,2,'2005-07-25','1000-01-01'),(1772,3,2,'2005-07-25','1000-01-01'),(1773,3,2,'2005-07-25','1000-01-01'),(1774,3,2,'2006-07-25','1000-01-01'),(1775,3,2,'2006-07-25','1000-01-01'),(1776,3,2,'2006-07-25','1000-01-01'),(1777,3,2,'2006-07-25','1000-01-01'),(1778,3,2,'2006-07-25','1000-01-01'),(1779,3,2,'2006-07-25','1000-01-01'),(1780,3,2,'2006-07-25','1000-01-01'),(1781,3,3,'2009-07-25','1000-01-01'),(1782,3,3,'2009-07-25','1000-01-01'),(1783,3,3,'2001-07-25','1000-01-01'),(1784,3,3,'2001-07-25','1000-01-01'),(1785,3,3,'2002-07-25','1000-01-01'),(1786,3,3,'2002-07-25','1000-01-01'),(1787,3,3,'2003-07-25','1000-01-01'),(1788,3,3,'2003-07-25','1000-01-01'),(1789,3,3,'2003-07-25','1000-01-01'),(1790,3,3,'2003-07-25','1000-01-01'),(1791,3,3,'2003-07-25','1000-01-01'),(1792,3,3,'2004-07-25','1000-01-01'),(1793,3,3,'2004-07-25','1000-01-01'),(1794,3,3,'2004-07-25','1000-01-01'),(1795,3,3,'2004-07-25','1000-01-01'),(1796,3,3,'2004-07-25','1000-01-01'),(1797,3,3,'2004-07-25','1000-01-01'),(1798,3,3,'2005-07-25','1000-01-01'),(1799,3,3,'2005-07-25','1000-01-01'),(1800,3,3,'2005-07-25','1000-01-01'),(1801,3,3,'2005-07-25','1000-01-01'),(1802,3,3,'2005-07-25','1000-01-01'),(1803,3,3,'2005-07-25','1000-01-01'),(1804,3,3,'2005-07-25','1000-01-01'),(1805,3,3,'2005-07-25','1000-01-01'),(1806,3,3,'2005-07-25','1000-01-01'),(1807,3,3,'2006-07-25','1000-01-01'),(1808,3,3,'2006-07-25','1000-01-01'),(1809,3,3,'2006-07-25','1000-01-01'),(1810,3,3,'2006-07-25','1000-01-01'),(1811,3,3,'2006-07-25','1000-01-01'),(1812,3,3,'2006-07-25','1000-01-01'),(1813,3,3,'2006-07-25','1000-01-01'),(1814,3,4,'2004-07-25','1000-01-01'),(1815,3,4,'2001-07-25','1000-01-01'),(1816,3,4,'2001-07-25','1000-01-01'),(1817,3,4,'2002-07-25','1000-01-01'),(1818,3,4,'2002-07-25','1000-01-01'),(1819,3,4,'2002-07-25','1000-01-01'),(1820,3,4,'2003-07-25','1000-01-01'),(1821,3,4,'2003-07-25','1000-01-01'),(1822,3,4,'2003-07-25','1000-01-01'),(1823,3,4,'2004-07-25','1000-01-01'),(1824,3,4,'2004-07-25','1000-01-01'),(1825,3,4,'2004-07-25','1000-01-01'),(1826,3,4,'2004-07-25','1000-01-01'),(1827,3,4,'2005-07-25','1000-01-01'),(1828,3,4,'2005-07-25','1000-01-01'),(1829,3,4,'2005-07-25','1000-01-01'),(1830,3,4,'2005-07-25','1000-01-01'),(1831,3,4,'2005-07-25','1000-01-01'),(1832,3,4,'2005-07-25','1000-01-01'),(1833,3,4,'2006-07-25','1000-01-01'),(1834,3,4,'2006-07-25','1000-01-01'),(1835,3,4,'2006-07-25','1000-01-01'),(1836,3,4,'2006-07-25','1000-01-01'),(1837,3,4,'2006-07-25','1000-01-01'),(1838,3,4,'2006-07-25','1000-01-01'),(1839,3,5,'2009-07-25','1000-01-01'),(1840,3,5,'2001-07-25','1000-01-01'),(1841,3,5,'2001-07-25','1000-01-01'),(1842,3,5,'2003-07-25','1000-01-01'),(1843,3,5,'2004-07-25','1000-01-01'),(1844,3,6,'2003-07-25','1000-01-01'),(1845,3,6,'2003-07-25','1000-01-01'),(1846,3,6,'2003-07-25','1000-01-01'),(1847,3,6,'2003-07-25','1000-01-01'),(1848,3,6,'2004-07-25','1000-01-01'),(1849,3,6,'2004-07-25','1000-01-01'),(1850,3,6,'2004-07-25','1000-01-01'),(1851,3,6,'2005-07-25','1000-01-01'),(1852,3,6,'2005-07-25','1000-01-01'),(1853,3,6,'2005-07-25','1000-01-01'),(1854,3,6,'2005-07-25','1000-01-01'),(1855,3,6,'2005-07-25','1000-01-01'),(1856,3,6,'2005-07-25','1000-01-01'),(1857,3,6,'2005-07-25','1000-01-01'),(1858,3,6,'2005-07-25','1000-01-01'),(1859,3,6,'2006-07-25','1000-01-01'),(1860,3,6,'2006-07-25','1000-01-01'),(1861,3,6,'2006-07-25','1000-01-01'),(1862,3,6,'2006-07-25','1000-01-01'),(1863,3,6,'2006-07-25','1000-01-01'),(1864,3,6,'2006-07-25','1000-01-01'),(1865,3,6,'2006-07-25','1000-01-01'),(1866,3,6,'2006-07-25','1000-01-01'),(1867,3,7,'2003-07-25','1000-01-01'),(1868,3,7,'2003-07-25','1000-01-01'),(1869,3,7,'2003-07-25','1000-01-01'),(1870,3,7,'2003-07-25','1000-01-01'),(1871,3,7,'2004-07-25','1000-01-01'),(1872,3,7,'2004-07-25','1000-01-01'),(1873,3,7,'2004-07-25','1000-01-01'),(1874,3,7,'2005-07-25','1000-01-01'),(1875,3,7,'2005-07-25','1000-01-01'),(1876,3,7,'2005-07-25','1000-01-01'),(1877,3,7,'2005-07-25','1000-01-01'),(1878,3,7,'2005-07-25','1000-01-01'),(1879,3,7,'2006-07-25','1000-01-01'),(1880,3,7,'2006-07-25','1000-01-01'),(1881,3,7,'2006-07-25','1000-01-01'),(1882,3,8,'2001-07-25','1000-01-01'),(1883,3,8,'2002-07-25','1000-01-01'),(1884,3,8,'2002-07-25','1000-01-01'),(1885,3,8,'2002-07-25','1000-01-01'),(1886,3,8,'2002-07-25','1000-01-01'),(1887,3,8,'2002-07-25','1000-01-01'),(1888,3,8,'2002-07-25','1000-01-01'),(1889,3,8,'2004-07-25','1000-01-01'),(1890,3,8,'2004-07-25','1000-01-01'),(1891,3,8,'2004-07-25','1000-01-01'),(1892,3,8,'2004-07-25','1000-01-01'),(1893,3,8,'2004-07-25','1000-01-01'),(1894,3,8,'2004-07-25','1000-01-01'),(1895,3,8,'2005-07-25','1000-01-01'),(1896,3,8,'2005-07-25','1000-01-01'),(1897,3,8,'2005-07-25','1000-01-01'),(1898,3,8,'2005-07-25','1000-01-01'),(1899,3,9,'2004-07-25','1000-01-01'),(1900,3,9,'2001-07-25','1000-01-01'),(1901,3,9,'2001-07-25','1000-01-01'),(1902,3,9,'2002-07-25','1000-01-01'),(1903,3,9,'2002-07-25','1000-01-01'),(1904,3,9,'2002-07-25','1000-01-01'),(1905,3,9,'2003-07-25','1000-01-01'),(1906,3,9,'2004-07-25','1000-01-01'),(1907,3,9,'2004-07-25','1000-01-01'),(1908,3,9,'2004-07-25','1000-01-01'),(1909,3,9,'2004-07-25','1000-01-01'),(1910,3,9,'2005-07-25','1000-01-01'),(1911,3,9,'2005-07-25','1000-01-01'),(1912,3,9,'2005-07-25','1000-01-01'),(1913,3,9,'2005-07-25','1000-01-01'),(1914,3,9,'2005-07-25','1000-01-01'),(1915,3,9,'2005-07-25','1000-01-01'),(1916,3,9,'2005-07-25','1000-01-01'),(1917,3,9,'2006-07-25','1000-01-01'),(1918,3,9,'2006-07-25','1000-01-01'),(1919,3,9,'2006-07-25','1000-01-01'),(1920,3,9,'2006-07-25','1000-01-01'),(1921,3,9,'2006-07-25','1000-01-01'),(1922,3,9,'2006-07-25','1000-01-01'),(1923,3,10,'2004-07-25','1000-01-01'),(1924,3,10,'2002-07-25','1000-01-01'),(1925,3,10,'2002-07-25','1000-01-01'),(1926,3,10,'2002-07-25','1000-01-01'),(1927,3,10,'2002-07-25','1000-01-01'),(1928,3,10,'2003-07-25','1000-01-01'),(1929,3,10,'2003-07-25','1000-01-01'),(1930,3,10,'2003-07-25','1000-01-01'),(1931,3,10,'2003-07-25','1000-01-01'),(1932,3,10,'2003-07-25','1000-01-01'),(1933,3,10,'2003-07-25','1000-01-01'),(1934,3,10,'2003-07-25','1000-01-01'),(1935,3,10,'2004-07-25','1000-01-01'),(1936,3,10,'2004-07-25','1000-01-01'),(1937,3,10,'2004-07-25','1000-01-01'),(1938,3,10,'2004-07-25','1000-01-01'),(1939,3,10,'2004-07-25','1000-01-01'),(1940,3,10,'2004-07-25','1000-01-01'),(1941,3,10,'2004-07-25','1000-01-01'),(1942,3,10,'2005-07-25','1000-01-01'),(1943,3,10,'2005-07-25','1000-01-01'),(1944,3,10,'2005-07-25','1000-01-01'),(1945,3,10,'2005-07-25','1000-01-01'),(1946,3,10,'2005-07-25','1000-01-01'),(1947,3,10,'2005-07-25','1000-01-01'),(1948,3,10,'2005-07-25','1000-01-01'),(1949,3,10,'2005-07-25','1000-01-01'),(1950,3,10,'2005-07-25','1000-01-01'),(1951,3,10,'2005-07-25','1000-01-01'),(1952,3,10,'2005-07-25','1000-01-01'),(1953,3,10,'2005-07-25','1000-01-01'),(1954,3,10,'2005-07-25','1000-01-01'),(1955,3,10,'2006-07-25','1000-01-01'),(1956,3,10,'2006-07-25','1000-01-01'),(1957,3,10,'2006-07-25','1000-01-01'),(1958,3,10,'2006-07-25','1000-01-01'),(1959,3,10,'2006-07-25','1000-01-01'),(1960,3,10,'2006-07-25','1000-01-01'),(1961,3,10,'2006-07-25','1000-01-01'),(1962,3,10,'2006-07-25','1000-01-01'),(1963,3,10,'2006-07-25','1000-01-01'),(1964,3,10,'2006-07-25','1000-01-01'),(1965,3,10,'2006-07-25','1000-01-01'),(1966,3,10,'2006-07-25','1000-01-01'),(1967,3,10,'2006-07-25','1000-01-01'),(1968,3,10,'2006-07-25','1000-01-01'),(1969,3,10,'2002-07-25','1000-01-01'),(1970,3,11,'2009-07-25','1000-01-01'),(1971,3,11,'2001-07-25','1000-01-01'),(1972,3,11,'2001-07-25','1000-01-01'),(1973,3,11,'2001-07-25','1000-01-01'),(1974,3,11,'2002-07-25','1000-01-01'),(1975,3,11,'2002-07-25','1000-01-01'),(1976,3,11,'2002-07-25','1000-01-01'),(1977,3,11,'2003-07-25','1000-01-01'),(1978,3,11,'2003-07-25','1000-01-01'),(1979,3,11,'2003-07-25','1000-01-01'),(1980,3,11,'2004-07-25','1000-01-01'),(1981,3,11,'2004-07-25','1000-01-01'),(1982,3,11,'2005-07-25','1000-01-01'),(1983,3,11,'2005-07-25','1000-01-01'),(1984,3,11,'2005-07-25','1000-01-01'),(1985,3,11,'2005-07-25','1000-01-01'),(1986,3,11,'2006-07-25','1000-01-01'),(1987,3,11,'2006-07-25','1000-01-01'),(1988,3,13,'2005-07-25','2007-06-07'),(1989,3,13,'2005-07-25','2007-06-07'),(1990,3,13,'2005-07-25','2007-06-07'),(1991,3,13,'2005-07-25','2007-06-07'),(1992,3,13,'2006-07-25','1000-01-01'),(1993,3,13,'2006-07-25','1000-01-01'),(1994,3,13,'2006-07-25','1000-01-01'),(1995,3,14,'2005-07-25','1000-01-01'),(1996,3,14,'2005-07-25','1000-01-01'),(1997,3,14,'2005-07-25','1000-01-01'),(1998,3,14,'2005-07-25','1000-01-01'),(1999,3,14,'2006-07-25','1000-01-01'),(2000,3,15,'2005-07-25','1000-01-01'),(2001,3,15,'2005-07-25','1000-01-01'),(2002,3,15,'2005-07-25','1000-01-01'),(2003,3,15,'2006-07-25','1000-01-01'),(2004,3,15,'2006-07-25','1000-01-01');

/*Table structure for table `student_registration` */

DROP TABLE IF EXISTS `student_registration`;

CREATE TABLE `student_registration` (
  `student_id` int(10) unsigned NOT NULL,
  `course_id` int(10) unsigned NOT NULL,
  `year` int(10) unsigned NOT NULL,
  `semester` int(10) unsigned NOT NULL,
  `course_type_id` int(10) unsigned NOT NULL,
  `faculty_approval` int(10) unsigned default '0',
  PRIMARY KEY  (`student_id`,`course_id`,`year`,`semester`),
  KEY `course_id` (`course_id`),
  KEY `course_type_id` (`course_type_id`),
  CONSTRAINT `student_registration_ibfk_1` FOREIGN KEY (`student_id`) REFERENCES `main_student_record` (`student_id`) ON DELETE CASCADE ON UPDATE CASCADE,
  CONSTRAINT `student_registration_ibfk_2` FOREIGN KEY (`course_id`) REFERENCES `course_record` (`course_id`) ON DELETE CASCADE ON UPDATE CASCADE,
  CONSTRAINT `student_registration_ibfk_3` FOREIGN KEY (`course_type_id`) REFERENCES `course_type_record` (`course_type_id`) ON DELETE CASCADE ON UPDATE CASCADE
) ENGINE=InnoDB DEFAULT CHARSET=latin1;

/*Data for the table `student_registration` */

/*Table structure for table `test` */

DROP TABLE IF EXISTS `test`;

CREATE TABLE `test` (
  `course_number` varchar(10) default NULL
) ENGINE=MyISAM DEFAULT CHARSET=latin1;

/*Data for the table `test` */

insert  into `test`(`course_number`) values ('EC201'),('CS342'),('CS345'),('CS301'),('CS347'),('CS346'),('CS302'),('CS421'),('CS422'),('CS498'),('CS568'),('CS521'),('BT101'),('EC202'),('CS204'),('CS222'),('CS241'),('CS341'),('CS344'),('CS347'),('CS362'),('HS301'),('CS202'),('HS202'),('CS346'),('CS399'),('CS502'),('MA203'),('CS342'),('CS346'),('HS2xx'),('CS362'),('CS502'),('CS362'),('MA203'),('PH201'),('MA203'),('CS346'),('CS347'),('CS564'),('CS341'),('CS347'),('HS216'),('EC304'),('EC321'),('EC340'),('ME609'),('CE441'),('ME609'),('CE499'),('CL210'),('CL310'),('CL306'),('CL307'),('CL312'),('CL424'),('CL498'),('CL303'),('CS567'),('BT499'),('CS345'),('CS348'),('CS362'),('EC201'),('EC350'),('EC320'),('EC360'),('EC340'),('EC370'),('EC320'),('EC360'),('EC202'),('EC330'),('EC370'),('PH101'),('PH102'),('ME101'),('CS101'),('HS2xx'),('EC220'),('CS201'),('CS202'),('EC202'),('EC203'),('EC204'),('EC210'),('EC221'),('EC230'),('HS2xx'),('EC201	'),('CE311'),('HS2xx'),('CS201'),('CS202'),('HS2xx'),('CS201'),('CS202'),('HS2xx'),('CS201'),('CS202'),('HS2xx'),('CS201'),('CS202'),('CL201'),('HS2xx'),('HS312'),('CH230'),('CS101'),('PH102'),('HS106'),('MA101'),('CS223'),('CS204'),('CS222'),('CS241'),('MA203'),('CS241'),('MA203'),('CS241'),('CS241'),('MA203'),('EC221'),('EC230'),('EC201'),('EC202'),('PH101'),('EC102'),('PH102'),('MA201'),('EC221'),('EC101'),('CH101'),('PH101'),('CS101'),('PH102'),('PH110'),('BT101'),('CH101'),('HS106'),('MA101'),('ME201'),('MA201'),('MA201'),('ME201'),('PH101'),('CH101'),('MA201'),('CL201'),('MA102'),('CL201'),('CL202'),('MA201'),('ME110'),('ME111'),('CH101'),('PH101'),('ME101'),('ME111'),('MA101'),('CH101'),('ME101'),('ME111'),('MA101'),('CH101'),('EC101'),('PH102'),('MA101'),('ME101'),('ME111'),('PH101'),('HS106'),('ME101'),('ME111'),('HS106'),('MA101'),('CH101'),('EC101'),('CS110'),('MA101'),('EC101'),('ME111'),('HS106'),('CH101'),('CH110'),('EC101'),('PH102'),('CS110'),('PH110'),('EC101'),('EC101'),('HS105'),('HS107'),('EC101'),('HS106'),('HS106'),('PH102'),('PH101'),('HS106'),('CH101'),('PH102'),('CH101'),('EC101'),('PH501'),('MA572'),('CS504'),('PH406'),('PH403'),('PH405'),('PH404'),('PH406'),('PH410'),('PH410'),('PH405'),('PH404'),('PH410'),('PH401'),('PH403'),('PH405'),('PH407'),('PH404'),('PH406'),('PH410'),('PH410'),('PH404'),('MA541'),('MA541'),('CS504'),('ME501');

SET SQL_MODE=@OLD_SQL_MODE;
SET FOREIGN_KEY_CHECKS=@OLD_FOREIGN_KEY_CHECKS;
